대여소 그룹,대여소 명,대여 일자 / 월,대여 건수
강남구,2301. 현대고등학교 건너편,202006,4512
강남구,2302. 교보타워 버스정류장(신논현역 3번출구 후면),202006,1650
강남구,2303. 논현역 7번출구,202006,1134
강남구,2304. 신영 ROYAL PALACE 앞,202006,399
강남구,2305. MCM 본사 직영점 앞,202006,490
강남구,2306. 압구정역 2번 출구 옆,202006,1310
강남구,2307. 압구정 한양 3차 아파트,202006,1935
강남구,2308. 압구정파출소 앞,202006,1054
강남구,2309. 청담역(우리들병원 앞),202006,663
강남구,2310. 청담동 맥도날드 옆(위치),202006,728
강남구,2311. 학동로 래미안 아파트 앞,202006,522
강남구,2312. 청담역 13번 출구 앞,202006,673
강남구,2313. 금원빌딩 앞,202006,1542
강남구,2314. 청담나들목입구,202006,1153
강남구,2315. 봉은사역 5번출구 옆,202006,1427
강남구,2316. 삼성역 8번출구,202006,1769
강남구,2317. 삼성도로공원,202006,1329
강남구,2318. 삼성중앙역4번출구(문화센터더 리빌),202006,654
강남구,2319. 포스코4거리 서측(수협 삼성동 지점),202006,649
강남구,2320. 도곡역 대치지구대 방향,202006,941
강남구,2321. 학여울역 사거리,202006,1112
강남구,2322. 삼성역 3번 출구,202006,1083
강남구,2323. 주식회사 오뚜기 정문 앞,202006,574
강남구,2324. 천주교 대치 2동 교회 옆,202006,1492
강남구,2325. 대치동 버거킹대치점,202006,1246
강남구,2326. 대치동 삼성로,202006,372
강남구,2327. 뱅뱅사거리 랜드마크타워 앞,202006,1137
강남구,2328. 르네상스 호텔 사거리 역삼지하보도 7번출구 앞,202006,581
강남구,2329. 르네상스호텔사거리 역삼지하보도 2번출구,202006,393
강남구,2330. 스타벅스 앞,202006,668
강남구,2331. 동영문화센터앞,202006,736
강남구,2332. 선릉역3번출구,202006,1346
강남구,2333. 양재역 3번출구 주변,202006,1317
강남구,2334. 삼호아파트 2동 ( 간선도로),202006,159
강남구,2335. 3호선 매봉역 3번출구앞,202006,1295
강남구,2336. 강남세브란스교차로 래미안그레이튼 104동 앞,202006,292
강남구,2337. 대모산입구역 2번출구 앞,202006,533
강남구,2339. 현대아파트 정문 앞,202006,568
강남구,2340. 삼호물산버스정류장(23370) 옆,202006,1880
강남구,2341. 일원역 4~5번 출구 사이,202006,461
강남구,2342. 대청역 1번출구 뒤,202006,2324
강남구,2343. 세곡사거리 대왕파출소 앞,202006,179
강남구,2344. 리엔파크 2단지 앞,202006,867
강남구,2347. 두산건설 본사,202006,444
강남구,2348. 포스코사거리(기업은행),202006,2040
강남구,2349. 역삼빌딩 앞(하나은행 옆),202006,349
강남구,2350. 래미안그레이튼102동앞,202006,359
강남구,2351. 청소년수련관(수영장)앞,202006,236
강남구,2352. 서울본부세관(건설회관 앞),202006,312
강남구,2353. 강남구청역 2번출구 뒤,202006,824
강남구,2354. 청담역 2번출구,202006,364
강남구,2355. 삼성역 5~6번 출구 사이,202006,1694
강남구,2356. 강남구청,202006,773
강남구,2357. 르네상스호텔사거리 역삼지하보도 3번출구 앞 (더 오번 빌딩 명동칼국수 앞),202006,309
강남구,2358. 구룡초사거리 (현대아파트10동 앞 ),202006,249
강남구,"2359. 국립국악중,고교 정문 맞은편",202006,962
강남구,2360. 도곡1동 주민센터 교차로,202006,543
강남구,2361. 압구정역 교차로,202006,1065
강남구,2362. 신사동 가로수길 입구,202006,1186
강남구,2363. 강남 을지병원 교차로,202006,458
강남구,2364. 도산대로 렉서스 앞,202006,625
강남구,2365. K+ 타워 앞,202006,1238
강남구,2368. 도곡동 경남아파트 건너편,202006,254
강남구,2369. KT선릉타워,202006,1105
강남구,2370. 한티역 3번출구,202006,672
강남구,2371. 한국우편사업진흥원,202006,336
강남구,2372. 대치역 사거리,202006,1479
강남구,2373. 개포동역 사거리,202006,1540
강남구,2375. 수서역 1번출구 앞,202006,1110
강남구,2376. 수서역 6번출구 앞,202006,24
강남구,2377. 수서역 5번출구 뒤,202006,2820
강남구,2380. 삼성동베이직하우스앞,202006,557
강남구,2381. 언주역 6번출구앞,202006,533
강남구,2382. 역삼동 sk뷰 501동앞,202006,298
강남구,2383. 보금자리정원,202006,316
강남구,2384. 자곡사거리,202006,2073
강남구,2385. 학동역,202006,761
강남구,2387. 래미안강남힐즈 사거리,202006,973
강남구,2388. 강남구 도시관리공단,202006,409
강남구,2389. 경기여자고등학교 후문 (삼성로3길 입구),202006,625
강남구,2390. 구룡마을 입구 (래미안블레스티지 아파트),202006,277
강남구,2391. 구룡터널 입구(개포1단지아파트),202006,18
강남구,2392. 구룡산 입구 (구룡산 서울둘레길 입구),202006,59
강남구,2393. 구룡사 앞 교차로 (보도육교),202006,83
강남구,2394. 래미안강남포레스트 입구 (보도육교),202006,5
강남구,2395. 개포1단지아파트 입구 (보도육교),202006,18
강남구,2396. 영동3교 북단(우성캐릭터 앞 보도),202006,725
강남구,2398. 더라움,202006,484
강남구,2401. 밀알학교 입구 (삼성서울병원 입구),202006,261
강남구,2403. 공무원연금매점 교차로 (개포주공9단지 입구),202006,175
강남구,2404. 대모산입구역 4번 출구 앞,202006,911
강남구,2405. 청담공원앞 교차로,202006,1050
강남구,2406. 논현동 광명빌딩 앞,202006,383
강남구,2407. 역삼.서초.삼성 세무서 앞 (역삼빌딩 앞),202006,1375
강남구,2408. 강남한양수자인아파트,202006,722
강남구,2409. 역삼동 디오슈페리움 (우성아파트 사거리),202006,1073
강남구,2410. 포스코피앤에스타워 (역삼역 3번출구 부근),202006,666
강남구,2411. 세곡동 성당,202006,955
강남구,2412. 일원1동 주민센터,202006,1836
강남구,2413.도곡역 1번 출구,202006,373
강남구,2414. 도곡역 아카데미스위트 앞,202006,731
강남구,2415.한티역 롯데백화점 앞,202006,457
강남구,2416.한티역 6번 출구,202006,150
강남구,2417.선정릉 일등 추어탕 앞,202006,106
강남구,2418.봉은사역 7번 출구,202006,483
강남구,"2419.봉은사역 1,2번 출구",202006,420
강남구,2420.학여울역 사거리(LG베스트샵 앞),202006,496
강남구,2421. 신논현역 4번출구,202006,235
강남구,2422.수서동 성당 맞은편,202006,398
강남구,2423.영희초교 사거리(래미안개포루체하임),202006,722
강남구,2425.세곡동 사거리(대왕초등학교 정류장),202006,87
강남구,2426.강남한신휴플러스 6단지,202006,236
강남구,2427.개포고등학교 정문앞,202006,3
강남구,2428.롯데리아 개포점앞,202006,193
강남구,2429.압구정로데오역 6번출구,202006,835
강남구,2430.강남파이낸스센터앞(역삼역2번출구),202006,274
강남구,2431.대치역 7번출구,202006,566
강동구,1001. 광진교 남단 사거리(디지털프라자앞),202006,2648
강동구,1002. 해공공원(천호동),202006,3119
강동구,1003. 해공도서관앞,202006,909
강동구,1004. 삼성광나루아파트 버스정류장,202006,2172
강동구,1006. 롯데캐슬 115동앞,202006,907
강동구,1007.암사동 선사유적지,202006,207
강동구,1008. 암사역 3번출구(국민은행앞),202006,4323
강동구,1009. 천호역4번출구(현대백화점),202006,5068
강동구,1010. 강동세무서,202006,3411
강동구,1011. LIGA 아파트 앞,202006,3783
강동구,1012. 서울 상운차량,202006,1157
강동구,1013. 강동구청역 1번 출입구,202006,1523
강동구,1014. 강동구평생학습관앞,202006,1408
강동구,1015. 샛마을 근린공원,202006,1362
강동구,1016. 해뜨는 주유소옆 리엔파크 109동앞,202006,893
강동구,1017. 맥도날드(길동),202006,2570
강동구,1018. 둔촌 주공 GS 맞은편,202006,118
강동구,1019. 다성이즈빌아파트(호원대 대각선 맞은편),202006,3883
강동구,1020. 강동경찰서,202006,3230
강동구,1021. 강일동 리슈빌 빌딩앞,202006,1770
강동구,1022. 길동 사거리(초소앞),202006,1997
강동구,1023. 한국종합기술사옥 앞,202006,2150
강동구,1024. 강동구청 앞,202006,2895
강동구,1025. 상일초등학교,202006,884
강동구,1026. 대명초교 입구 교차로,202006,863
강동구,1027. 프라자 아파트 앞,202006,1513
강동구,1028. 포레스 주상복합 빌딩,202006,1606
강동구,1029. 롯데 시네마,202006,2679
강동구,1030. 미호 플랜트 앞,202006,1396
강동구,1031. 올림픽로 836(아리수로),202006,852
강동구,1032. 선사고등학교,202006,796
강동구,1033. 고덕동 아남아파트,202006,976
강동구,1034. 고덕동 래미안 힐스테이트,202006,596
강동구,1035. 고덕역 4번출구,202006,145
강동구,1036. 고덕동 주양쇼핑,202006,1922
강동구,1037. 강일리버파크 6단지,202006,259
강동구,1038. 강일 다솜 어린이 공원,202006,317
강동구,1039. 고덕초등학교,202006,254
강동구,1041. 묘곡초등학교,202006,885
강동구,1042. 강일리버파크 2~5단지,202006,841
강동구,1044. 굽은다리역,202006,5161
강동구,1047. 건강보험 강동지사kt,202006,2488
강동구,1048. 동부기업(둔촌동),202006,2551
강동구,1049. 강일리버파크 10단지,202006,1109
강동구,1050. 둔촌역 3번 출입구,202006,5206
강동구,1051. 양지시장 (용성약국앞) 입구,202006,1810
강동구,1052. 리싸이클시티,202006,479
강동구,1053. 동명근린공원 진입로 (아리수로),202006,386
강동구,1054. 말우물 어린이 공원,202006,372
강동구,1056. 강일리버파크 7~11단지,202006,500
강동구,1057. 능골근린공원,202006,870
강동구,1058. 고덕숲 아이파크 1,202006,1322
강동구,1059. 래미안 강동팰리스(102동),202006,1624
강동구,1060. 천일초교 사거리,202006,1065
강동구,1061. 천호초교 입구 사거리(일주빌딩),202006,1304
강동구,1062. 고덕숲 아이파크 2,202006,522
강동구,1063.강동롯데캐슬퍼스트 아파트(관리동),202006,519
강동구,1064.중앙보훈병원역 1번출구,202006,310
강동구,1065.보훈병원 정문옆(중앙대영약국),202006,260
강동구,1066.생태공원앞 교차로(조명탑),202006,98
강동구,1067.한영중고앞사거리,202006,283
강동구,1068.명일파출소,202006,913
강동구,1069.강동경희대학교병원 입구,202006,348
강동구,1071.명일근린공원공동체텃밭,202006,227
강동구,1073.SSTS 몰 앞,202006,812
강동구,1074.대명초교입구 사거리,202006,785
강동구,1075.천동초교 삼거리,202006,797
강동구,1076.전자랜드 길동점,202006,1371
강동구,1077.강동역 1번출구 앞,202006,1216
강동구,1078.둔촌사거리,202006,1557
강동구,1079.강일동입구교차로,202006,364
강동구,1080.엘웨딩,202006,582
강동구,1081.트레빌빌딩,202006,512
강동구,1082.중앙보훈병원역3번출구,202006,1
강동구,1083.광문고교사거리(아이파크),202006,458
강동구,1084. 윤선생빌딩(JYP사옥),202006,1379
강동구,1085.래미안 솔베뉴(고덕로),202006,267
강동구,1086.래미안 솔베뉴(구천면로),202006,349
강동구,1087.레미안 솔베뉴(양재대로),202006,112
강동구,1088.풍납사거리(강동),202006,882
강동구,1089.고덕 래미안힐스테이트(201동),202006,251
강동구,1090.상일동역 2번출구 앞,202006,1795
강동구,3539. 서원마을,202006,194
강북구,"1501. 미아역 3번,4번 출구 사이",202006,2075
강북구,1503. 이디야 커피 수유역점 앞,202006,4193
강북구,1504. 다이소 삼양시장점,202006,601
강북구,1506. 강북문화예술회관,202006,1179
강북구,1509. 서울북부수도사업소,202006,1244
강북구,1510. 번동주공5단지 관리사무소 앞,202006,391
강북구,1511. 번동 금호어울림아파트102동앞,202006,404
강북구,1512. 강북중학교 앞,202006,2223
강북구,1513. 강북구청 뒷편,202006,374
강북구,1514. 강북구청 사거리 버스정류소 앞,202006,2753
강북구,1515. 송천동 주민센터,202006,1058
강북구,1516. 우이초등학교 후문 옆,202006,933
강북구,1518. SK telecom(수유직영점) 앞,202006,755
강북구,1519. 세븐일레븐 수유장미원점 앞,202006,928
강북구,1520. 성실교회,202006,1315
강북구,1522. 월드전기조명인테리어(우이동),202006,580
강북구,1525. 미아동 복합청사,202006,601
강북구,1526. 수유동 채선당앞,202006,952
강북구,1527. 미아역 1번 출구 뒤,202006,945
강북구,1528. 삼각산동 주민센터,202006,580
강북구,1529. 미아동 한국전력공사,202006,2006
강북구,1530. 광산사거리,202006,2017
강북구,1531. 미아사거리 1번 출구,202006,3232
강북구,1532. 번3동 주민센터 교차로,202006,1268
강북구,"1533. 번동 주공3, 4단지 교차로",202006,2405
강북구,1534. 북서울 꿈의 숲 동문,202006,1538
강북구,1535. 효성인텔리안 앞,202006,3111
강북구,1536. 번동 두산위브 101동 옆,202006,1566
강북구,1537. 북한산 우이역,202006,995
강북구,1538. 솔밭공원역,202006,833
강북구,1539. 4.19민주묘지역,202006,1949
강북구,1540. 가오리역,202006,1188
강북구,1541. 삼양역,202006,293
강북구,1542. 삼양사거리역,202006,592
강북구,1543. 수유1동 주민센터,202006,911
강북구,1545. 솔샘역 2번 출구,202006,330
강북구,1546. 송천동우체국,202006,982
강북구,1547. 꿈의숲 롯데캐슬,202006,546
강북구,1548. 북서울 꿈의숲 서문,202006,912
강북구,1550.삼각산아이원아파트(105동 옆),202006,28
강북구,1551.4.19탑 앞,202006,291
강북구,1552. 강북구청사거리(던킨도너츠 앞),202006,576
강북구,1553.예수그리스도후기성도교회 앞,202006,131
강북구,1554.번동사거리,202006,295
강북구,1557.신창교,202006,370
강북구,1558.강북문화정보도서관,202006,241
강북구,1560. 도봉세무서 앞,202006,383
강북구,1565.대한병원앞,202006,343
강북구,1566.삼각산 아이언APT앞,202006,80
강북구,1568.4.19민주묘지 입구사거리,202006,342
강북구,1569.수유역2번출구,202006,219
강북구,1573.현대성우아파트 옆,202006,39
강북구,1574.송중초등학교 옆,202006,83
강서구,1101. 개화동상사마을종점 버스정류장,202006,270
강서구,1102. 방화사거리 마을버스 버스정류장,202006,2204
강서구,1103. 방화역 4번출구앞,202006,2419
강서구,1105. 방화근린공원,202006,526
강서구,1106. 신방화사거리,202006,2683
강서구,1108. 공항시장역 2번출구 뒤,202006,1431
강서구,1109. 공항시장역 4번출구,202006,1025
강서구,1110. 공항중학교앞,202006,1273
강서구,1111. 마곡엠밸리6_7단지 마곡중학교,202006,1606
강서구,1112. 마곡엠밸리4단지 정문,202006,5362
강서구,1113. 서남환경공원 버스정류장,202006,2204
강서구,1115. 등촌역 1번출구옆,202006,1878
강서구,1117. 스타벅스앞,202006,3510
강서구,1118. 증미역 3번출구뒤(등촌두산위브센티움오피스텔),202006,4572
강서구,1119. 염창동 한마음아파트앞(염창동 빛나는 음악학원앞),202006,3139
강서구,1120. 대림경동아파트앞,202006,2852
강서구,1121. 가양레포츠센터앞,202006,2348
강서구,1122. 황금내근린공원,202006,4006
강서구,1124. 발산역 6번출구옆(다이소앞),202006,5132
강서구,1125. 명덕고교입구(영종빌딩),202006,3617
강서구,1126. 우장산역 1번출구옆(우장산아이파크105동앞),202006,1977
강서구,1127. 화곡역(에이스정형외과앞) 버스정류장,202006,2080
강서구,1128. 화곡역 6번출구,202006,1829
강서구,1129. 화곡역 1번 출구 앞,202006,2390
강서구,1130. 화곡본동시장 버스정류장,202006,996
강서구,1131. 꿈돌이공원 앞,202006,2586
강서구,1132. 등촌역 7번출구,202006,2247
강서구,1135. 강서구의회,202006,1886
강서구,1136. 등촌2파출소,202006,1208
강서구,1137. 등촌2동주민센터,202006,637
강서구,1139. 용문사 버스정류장,202006,1725
강서구,1140. 목동사거리 버스정류장,202006,1926
강서구,1141. 곰달래 문화복지센터 1-1,202006,2150
강서구,1145. 곰달래 문화복지센터 1-2,202006,1296
강서구,1146. 곰달래사거리,202006,1644
강서구,1148. 볏골공원,202006,1348
강서구,1149. 신방화역환승주차장,202006,5013
강서구,1150. 송정역 1번출구,202006,4111
강서구,1151. 마곡역1번출구,202006,1876
강서구,1152. 마곡역교차로,202006,3762
강서구,"1153. 발산역 1번, 9번 인근 대여소",202006,7183
강서구,1155. 기쁜우리복지관,202006,2795
강서구,1157. 강서구청,202006,3254
강서구,1158. 가양역 8번출구,202006,6773
강서구,1159. 서서울모터리움앞,202006,2747
강서구,1160. 양천향교역 7번출구앞,202006,7875
강서구,1161. 강서면허시험장앞,202006,524
강서구,1162. 공항초등학교건너편,202006,1909
강서구,1163. 방화동강서기동대앞,202006,1414
강서구,1165. 마곡중학교 후문,202006,1039
강서구,1166. 강서구립등빛도서관,202006,3648
강서구,1167. 마곡수명산파크3단지 교차로,202006,3493
강서구,1168. 마곡엠밸리10단지 앞,202006,1409
강서구,1169. 염창역 1번 출구,202006,2403
강서구,1170. 강서구보건소 (삼성디지털 프라자),202006,1778
강서구,1171. 염창동 새마을금고 건너편 (모닝글로리),202006,2333
강서구,1172. 가양3동 주민센터,202006,1796
강서구,1173. 강서구청사거리(SH타워),202006,4711
강서구,1174. 강서구청사거리(부민병원),202006,1477
강서구,1175. 대한항공 인력개발센터,202006,1710
강서구,1177. 수명중?고교,202006,1922
강서구,1178. 개화산역 2번 출구,202006,1219
강서구,1180. 마곡엠밸리 15단지(1502동) 건너편,202006,2222
강서구,1181. 농수산식품공사 (강서지사),202006,326
강서구,1182. KBS 스포츠월드,202006,3694
강서구,1183. KC 대학교,202006,456
강서구,1184. 마곡13단지,202006,2529
강서구,1185. 등촌9단지,202006,2349
강서구,1186. 송정중학교,202006,1045
강서구,1187. 강서수산물도매시장,202006,659
강서구,1188. 롯데중앙연구소,202006,561
강서구,1190. 마곡역 교차로(2번출구),202006,967
강서구,1191. 마곡역 교차로(NH농협),202006,3179
강서구,1192. 마곡수명산파크 209동 건너편,202006,1743
강서구,1193. 마곡센트럴타워 1차,202006,2667
강서구,1194. 센서텍㈜,202006,1530
강서구,1195. 코오롱One&Only타워,202006,2451
강서구,1196. 서울식물원(문화센터) 건너편,202006,1172
강서구,1197. 엘펠리체 호텔 건너편,202006,4103
강서구,1198. LG 사이언스파크,202006,1369
강서구,1199. 우장산역 3번출구,202006,2683
강서구,1200. 개화광역환승센터,202006,303
강서구,2701. 마곡나루역 5번출구 뒤편,202006,8670
강서구,2702. 마곡 엠밸리2단지,202006,1416
강서구,2703.서울도시가스 앞,202006,419
강서구,2704.홈플러스(강서점),202006,1322
강서구,2706.강서공업고등학교 앞,202006,753
강서구,2707.한강아파트,202006,1002
강서구,2708.강서한강자이타워 앞,202006,17
강서구,2709.강변아파트 310동 앞,202006,412
강서구,2710.라이품 공영주차장 앞,202006,1078
강서구,2711.가로공원공영주차장 1번 출구,202006,847
강서구,2712.화곡터널입구교차로,202006,229
강서구,2713.우장초등학교 앞,202006,65
강서구,2714.발산1동주민센터교차로,202006,1011
강서구,2715.마곡나루역 2번 출구,202006,2242
강서구,2716.롯데 R&D 센터,202006,190
강서구,2717.LG유플러스 마곡사옥,202006,1947
강서구,2718.마곡수명산파크1단지,202006,745
강서구,2720.힐스테이트에코,202006,2286
강서구,2721.등촌1-10단지 교차로,202006,975
강서구,2722.마곡 문영비지윅스,202006,942
강서구,2723.마곡 필네이처,202006,442
강서구,2724.(재)FITI시험연구원,202006,566
강서구,2725.서울식물원 식물문화센터,202006,471
강서구,2727.서울식물원 잔디마당 앞,202006,38
강서구,2728.마곡나루역 3번 출구,202006,1371
강서구,2729.넥센 유니버시티 앞,202006,558
강서구,2730.마곡메가박스 앞,202006,941
강서구,2731.명덕고교,202006,532
강서구,2732.마곡수명산 1-2단지,202006,1204
강서구,2733.마곡13단지 정문 앞,202006,1768
강서구,2735.마곡 공공청사,202006,634
강서구,2736.마곡엠벨리7단지 M타워,202006,39
강서구,2737.까치산역 3번 출구,202006,1091
강서구,2739.수명산파크1단지교차로,202006,123
강서구,2740.마곡레포츠센터,202006,282
강서구,2741.마곡수명산파크5-6단지,202006,831
강서구,2742.강서구민올림픽체육센터,202006,309
강서구,2743.동신아파트 104동 앞,202006,6
강서구,2744.강서세무서 앞,202006,1
강서구,2745.수명초등학교,202006,172
강서구,2746.수명산파크 4단지 411동 앞,202006,81
관악구,2102. 봉림교 교통섬,202006,11414
관악구,2103. 신림동 우방아파트,202006,2338
관악구,2104. 사당역 5번출구,202006,1894
관악구,2105. 미성동 신림체육센터,202006,1645
관악구,2106. 난곡 새마을금고,202006,2428
관악구,2107. 도림천 신화교,202006,3625
관악구,2108. 은천치안센터,202006,1785
관악구,2109. 은천로입구 가로공원,202006,3246
관악구,2110. 조원동 미성아파트,202006,1201
관악구,2111. 서울대입구역 1번출구,202006,1420
관악구,2112. 서울대입구역 마에스트로,202006,1333
관악구,2113. 관악동작견인차량보관소,202006,2725
관악구,2115. 관악농협농산물백화점,202006,1402
관악구,2116. 에이스에이존빌딩,202006,1164
관악구,2119. 중앙동 동진빌딩,202006,1500
관악구,2122. 낙성대로 입구,202006,1478
관악구,2127. 보성운수차고지 맞은편,202006,811
관악구,2128. 관악구청교차로,202006,740
관악구,2129. 낙성대 과학전시관,202006,770
관악구,2130. 영어마을 관악캠프,202006,538
관악구,2135. 신림역 5번출구,202006,2069
관악구,2136. 신림역 8번출구,202006,3180
관악구,2137. KT&G 관악지점,202006,819
관악구,2139. 서울신성초등학교,202006,1352
관악구,2140. 신림1교 교차로,202006,2784
관악구,2141. 미림여고입구 교차로,202006,196
관악구,2143. 서울산업정보학교,202006,424
관악구,2144. 난우길입구,202006,736
관악구,2145. 은천초등학교 육교,202006,1054
관악구,2148. 낙성대역 3번출구 뒤,202006,860
관악구,2156. 농협 관악문성지점,202006,1220
관악구,2159. 인헌초교,202006,633
관악구,2160. 관악구 보건소,202006,592
관악구,2164. 관악우체국,202006,1693
관악구,2165. JK장평타워,202006,385
관악구,2167. 낙성대역 1번출구,202006,855
관악구,2169. 봉천역 2번출구,202006,1638
관악구,2170. 조원동서울본병원,202006,1492
관악구,2171. 서울대입구역 5번출구,202006,1880
관악구,2172. 나들목공원,202006,526
관악구,2173. 당곡사거리,202006,5457
관악구,2174. 삼성디지털프라자관악점,202006,1121
관악구,2175. 신림동걷고싶은문화의거리입구,202006,1567
관악구,2176. 보라매공원 보도육교,202006,2987
관악구,2177. 신대방역 2번 출구,202006,8061
관악구,2178. 서울대학교 정문,202006,704
관악구,2179. 양녕로 입구,202006,1682
관악구,2180. 신림동주민센터,202006,6
관악구,2183. 동방1교,202006,6664
관악구,2184. 구암초등학교 버스정류장,202006,319
관악구,2185. 대학동 고시촌,202006,1425
관악구,2186.우리은행 낙성대역지점,202006,212
관악구,2187.현대시장사거리(신한은행),202006,448
관악구,2189.삼성서비스센터(관악점),202006,303
관악구,2190.도원맨션,202006,124
관악구,2191.대학동주민센터,202006,269
관악구,2194.봉림교 남측,202006,51
관악구,2195.은천교회,202006,321
관악구,2196.삼화페인트 봉천점,202006,217
관악구,2198.사랑의병원,202006,253
관악구,2199.신봉천주유소,202006,106
관악구,2200.관악문화원 건너편,202006,26
관악구,3301.도림천 신림2교,202006,10
관악구,3304.낙성대역 5번 출구,202006,286
관악구,3305.낙성대역 8번 출구,202006,171
관악구,3306.서울신우초등학교,202006,30
관악구,3307.봉천고개 육교,202006,109
관악구,3310.영락고등학교,202006,118
관악구,3311.서울대입구역 4번 출구,202006,134
광진구,3500. 군자역2번출구,202006,2610
광진구,3501. 광진구청 앞,202006,2956
광진구,3502. 중곡역 1번출구,202006,998
광진구,3503. 광진유진스웰,202006,205
광진구,3504. 원일교회,202006,2263
광진구,3505. 신양초교앞 교차로,202006,1400
광진구,3506. 영동대교 북단,202006,1504
광진구,3507. 어린이회관,202006,1066
광진구,3508. 화양사거리,202006,2904
광진구,3509. 세종사이버대학교,202006,3332
광진구,3510. 중곡SK아파트앞,202006,808
광진구,3516. 구의아리수정수센터앞,202006,1077
광진구,3517. 용마사거리,202006,2308
광진구,3518. 군자역 7번출구뒤,202006,4303
광진구,3520. 광진경찰서,202006,2389
광진구,3521. 현대홈타운 뒷길,202006,347
광진구,3523. 건국대학교 과학관(이과대) 앞,202006,821
광진구,3524. 세종대학교,202006,211
광진구,3528. 광진정보도서관,202006,1105
광진구,3529. 어린이대공원정문,202006,1351
광진구,3533. 건대입구역 사거리(롯데백화점),202006,7564
광진구,3534. 건대입구역 5번출구 뒤,202006,3538
광진구,3535. 중곡사거리(국민은행),202006,2473
광진구,3536. 중앙농협(자양동),202006,2499
광진구,3537. 아차산 휴먼시아 아파트 옆,202006,772
광진구,3541. 커먼그라운드,202006,3927
광진구,3542. 래미안 구의파크 스위트,202006,1777
광진구,3543. 세종대학교(학술정보원),202006,596
광진구,3563.구의7단지현대아파트,202006,7
광진구,3564.나루마당,202006,36
광진구,3566.우성4차아파트,202006,231
광진구,3568.구의공원,202006,1
광진구,3569.건대병원후문,202006,622
광진구,3570.구의역 리버비스타 오피스텔,202006,463
광진구,3571.화양 APT(횡단보도 옆),202006,418
광진구,3575.자양사거리 (LG 유플러스),202006,464
광진구,3577.신자초교 입구 교차로(SC제일은행),202006,673
광진구,3578.중곡동 파크웨이빌딩,202006,201
광진구,3579.광진 캠퍼스시티,202006,405
광진구,3581.광진광장,202006,190
광진구,3582.화양동 우체국,202006,213
광진구,3586.군자역 비채온 오피스텔,202006,304
광진구,3587.우성식품 앞,202006,57
광진구,3588.세종대학교(영실관),202006,85
광진구,500. 어린이대공원역 3번출구 앞,202006,3178
광진구,501. 광진구의회 앞,202006,1681
광진구,502. 뚝섬유원지역 1번출구 앞,202006,16604
광진구,504. 신자초교입구교차로,202006,2519
광진구,505. 자양사거리 광진아크로텔 앞,202006,4321
광진구,515. 광양중학교 앞,202006,1504
광진구,516. 광진메디칼 앞,202006,1375
광진구,539. 군자교교차로,202006,2651
광진구,540. 군자역 7번출구 베스트샵 앞,202006,2406
광진구,542. 강변역 4번출구 뒤,202006,3127
광진구,543. 구의공원(테크노마트 앞),202006,1054
광진구,544. 광남중학교,202006,1657
광진구,546. 잠실대교북단 교차로,202006,1797
광진구,548. 자양나들목,202006,2410
광진구,549. 아차산역 3번출구,202006,2862
광진구,551. 구의삼성쉐르빌 앞,202006,3488
광진구,552. 대림아크로리버 앞,202006,1078
광진구,553. 중곡 성원APT 앞,202006,1658
광진구,555. 구의3동주민센터,202006,1068
광진구,571. 어린이대공원역6번출구,202006,1023
광진구,572. 국립정신 건강센터 앞,202006,789
광진구,573. 구의문주차장 앞,202006,1899
광진구,574. 아차산역4번출구,202006,2400
광진구,575. 중앙농협 중곡지점,202006,596
광진구,576. 광나루역 3번 출구,202006,2213
광진구,577. 광진청소년수련관,202006,2347
광진구,584. 광진광장 교통섬,202006,2864
광진구,588. 뚝섬 유원지역,202006,2498
광진구,590. 건국대학교 (입학정보관),202006,2606
광진구,591. 건국대학교 (행정관),202006,315
광진구,592. 건국대학교 학생회관,202006,1567
광진구,593.자양중앙나들목,202006,2714
구로구,1901. 신도림동주민센터 앞,202006,1705
구로구,1904. 도림천역 1번 출구 앞,202006,1936
구로구,1906. 신도림역 1번 출구 앞,202006,7999
구로구,1907. 구일우성(아) 육교 밑,202006,1092
구로구,1908. 해원리바파크 육교 밑,202006,1599
구로구,1910. 낙원교회 맞은편,202006,0
구로구,1911. 구로디지털단지역 앞,202006,6716
구로구,1912. 한신휴아파트 앞,202006,2109
구로구,1913. 구로리공원,202006,1074
구로구,1914. 대림역4번출구,202006,2439
구로구,1916. 구로중학교앞,202006,614
구로구,1920. 서울미래초등학교 사거리,202006,1601
구로구,1924. 삼부르네상스파크빌,202006,1012
구로구,1925. 동양미래대학교 정문 옆,202006,4467
구로구,1928. 고척스카이돔구장 광장,202006,1181
구로구,1929. 고척근린공원 고척도서관 앞,202006,856
구로구,1930. 개봉지구대 개봉치안센터,202006,670
구로구,1931. 개봉역(북측광장),202006,1926
구로구,1933. 개봉푸르지오아파트 상가,202006,1643
구로구,1936. 개봉역 1번 출구 자전거보관서쪽,202006,1031
구로구,1937. 한진아파트 입구,202006,1298
구로구,1941. 오류동역 2번출구,202006,1411
구로구,1943. 온수역 북측,202006,554
구로구,1946. 구로역 광장,202006,2247
구로구,1951. 천왕이펜하우스 4단지 상가 앞,202006,525
구로구,1952. 천왕연지타운2단지 앞,202006,1772
구로구,1953. 천왕역 4번출구 뒤,202006,1084
구로구,1955. 디지털입구 교차로,202006,3123
구로구,1956. 도야미리숯불갈비 앞,202006,1231
구로구,1957. 구일고등학교 정문,202006,1525
구로구,1958. 강서수도사업소민원센터,202006,1585
구로구,1959. 구로구의회 앞,202006,1123
구로구,1960. 화광신문사 앞,202006,2639
구로구,1961. 신도림테크노근린공원,202006,4751
구로구,1962. 가리봉동주민센터,202006,1351
구로구,1964. 원메디타운 앞,202006,1446
구로구,1965. 삼환로즈빌아파트 105동 옆,202006,1072
구로구,1966. 한마을아파트 정문상가,202006,1545
구로구,1967. 참새공원(백곡경노당),202006,354
구로구,1968. 동인오피스텔 건너편 소공원,202006,460
구로구,1969. 궁동생태공원,202006,328
구로구,1971. 오정초교 앞 보도육교,202006,517
구로구,1973. 오리로와 서해안도로 교차로 앞,202006,513
구로구,1974. 신도림2차e편한세상아파트 203동 앞,202006,1433
구로구,1975. 대림역 1번 출입구 밑,202006,1355
구로구,1976. 남구로역 5번 출입구 앞,202006,512
구로구,1977. 천왕역 1번 출입구 앞,202006,1214
구로구,1979. 구로1동우체국 앞,202006,254
구로구,1981. 천왕이펜하우스5단지 앞,202006,815
구로구,1983. 구로동롯데아파트,202006,1660
구로구,1984. 구로구청,202006,1835
구로구,1985. 구로도서관,202006,3376
구로구,1986. 태평양물산빌딩,202006,2578
구로구,1987. 개봉아이파크아파트 앞,202006,2042
구로구,1988. 고척LIGA아파트 앞,202006,2177
구로구,1991. 오류동역 맞은편,202006,1752
구로구,1992. 구로구배드민턴실내체육관 앞,202006,278
구로구,1993. 금강수목원아파트 앞,202006,772
구로구,1994. 삼성전자 물류센터 앞,202006,1149
구로구,1996. 구일역 1번 출입구 앞,202006,2774
구로구,1998. 고척교 교차로,202006,1902
구로구,1999. 수궁동 성당 주변,202006,552
구로구,2000. 신도림4차 e편한세상 아파트 1109동 앞,202006,2034
구로구,2801. 대륭포스트타워1차,202006,2019
구로구,2804.항동지구 6단지 602동 앞,202006,87
구로구,2805.구로자원순환센터,202006,75
구로구,2806.항동지구 4단지 입구,202006,246
구로구,2807.항동지구 1단지 105동 앞,202006,261
구로구,2808.항동지구 2단지 202동 앞,202006,238
구로구,2809.항동지구 11단지 1103동 앞,202006,35
구로구,2810.항동지구 3단지 311동 앞,202006,37
구로구,2812.항동프라자,202006,353
구로구,2813.항동지구 3단지 302동 앞,202006,24
구로구,2814.항동지구 10단지 1001동 앞,202006,77
구로구,2815.항동지구 7단지 정문,202006,153
구로구,2816.항동지구 8단지 803동옆(주차장입구),202006,126
구로구,2817.천왕이펜하우스5단지 앞,202006,182
구로구,2818.천왕이펜하우스3단지 앞,202006,147
구로구,2819.하늘숲초등학교 앞,202006,288
구로구,2820.신세기아파트 앞,202006,222
구로구,2821.청구아파트 앞,202006,147
구로구,2822.제니스스포츠 앞,202006,32
구로구,2823.중앙유통단지 앞,202006,64
구로구,2824.미래사랑어린이공원 앞,202006,628
구로구,2825.초롱타운 앞,202006,241
구로구,2826.가마산지하보도 옆,202006,172
금천구,1804. 독산역 2번출구 자전거주차장,202006,1507
금천구,1805. 서울디지털운동장 앞,202006,951
금천구,1806. 에이스하이엔드타워9차 앞,202006,920
금천구,1808. 에이스하이엔드타워8차 앞,202006,988
금천구,1809. LG전자 별관동(호서대 벤처타워 맞은편),202006,512
금천구,1812. 갑을그레이트밸리 앞,202006,968
금천구,1814. 두산위브아파트 옆 상가건물 앞,202006,957
금천구,1816. 금천폭포공원 앞,202006,376
금천구,1819. 금천구청 앞 자전거거치대,202006,818
금천구,1820. 신한은행 시흥대로금융센터지점,202006,444
금천구,1821. 홈플러스 시흥점 맞은편 다비치안경 앞,202006,983
금천구,1822. 서울 시흥동우체국 앞,202006,1271
금천구,1823. 상신정비공업 앞,202006,612
금천구,1824. 독산근린공원 입구,202006,2435
금천구,1825. 한신아파트 앞 육교 아래,202006,779
금천구,1826. 한신코아 앞,202006,681
금천구,1827. 독산보도육교 앞 자전거 보관소,202006,3921
금천구,1828. 한양수자인아파트 앞,202006,937
금천구,1829. 홈플러스 금천점 앞,202006,1342
금천구,1830. 빅마켓 금천점 앞,202006,1319
금천구,1831. 메이퀸웨딩컨벤션 앞,202006,648
금천구,1833. 독산역 1번출구 앞 자전거보관소,202006,1520
금천구,1834. 월드메르디앙 벤처센터 2차,202006,2170
금천구,1835. STX V타워,202006,933
금천구,1836. 금천구립 독산도서관,202006,84
금천구,1839. 수출의 다리 아래,202006,1136
금천구,1840. 솔브레인이엔지 뒤편,202006,749
금천구,1841. 가산동 주민센터,202006,1285
금천구,1842. 한울중학교,202006,392
금천구,1843. 독산고등학교,202006,604
금천구,1845. 롯데캐슬골드파크1차 서문,202006,760
금천구,1846. 롯데캐슬골드파크1차 동문,202006,1128
금천구,1847. 독산주공 14단지 버스정류소,202006,367
금천구,1848. 벽산 디지털밸리 5차,202006,1002
금천구,1849. 대륭포스트타워5차,202006,480
금천구,1850. 코오롱테크노밸리,202006,479
금천구,1851. 가산디지털단지 7번출구,202006,2193
금천구,1852. 혜명양로원 담장 옆,202006,540
금천구,1853. 서울디자인직업전문학교 앞,202006,317
금천구,1854. 가산아네스트 오피스텔 앞,202006,829
금천구,1855. 성지아파트 옆 도로변,202006,174
금천구,1856. 모두의학교,202006,854
금천구,1857. 주공14단지,202006,343
금천구,1858. 석수역1번출구 앞 (SK주유소),202006,734
금천구,1859. 대륭테크노타운 18차,202006,833
금천구,1861.IBK기업은행 석수역 지점 앞,202006,192
금천구,1862.스타즈호텔독산 빌딩 앞,202006,669
금천구,1863.위너스 스포츠클럽 골프연습장옆,202006,252
금천구,1864.산호시티빌 옆,202006,226
금천구,1865.금천구청앞(M빌딩),202006,315
금천구,1866.서울안천초등학교 옆,202006,209
금천구,1867.대륭포스트타워6차 앞,202006,1440
금천구,1868.우리은행 시흥남자동화점 앞,202006,338
금천구,1869.롯데캐슬골드파크3차 301동 앞,202006,533
금천구,1870.독산3동주민센터 앞,202006,461
노원구,1601. 석계역 문화광장 내 자전거 보관소,202006,4996
노원구,1602. 광운대역 앞,202006,1912
노원구,1603. 롯데캐슬 102동 코너(월계주유소건너),202006,2464
노원구,1605. 헬스케어,202006,2523
노원구,1606. 태릉입구역 3번출구,202006,1592
노원구,1608. 공릉역 1번 출구 앞,202006,5434
노원구,1610. 화랑대역 2번출구 앞,202006,3595
노원구,1611. 과기대 입구(우),202006,4002
노원구,1616. 하계2동 공항버스정류장 옆,202006,4171
노원구,1617. 하계동 중평어린이공원 앞,202006,3146
노원구,1619. 중계동 하나프라자빌딩 앞(중1-1),202006,3000
노원구,1620. 중계동 노원구민체육센터 옆(중1-2),202006,1761
노원구,1625. 상계역(4번출구),202006,5109
노원구,1628. 노일초등학교 앞,202006,1334
노원구,1630. 수연빌딩 앞,202006,1864
노원구,1634. 당고개공원 대여소,202006,1901
노원구,1635. 상계3.4동 주민센터 대여소,202006,537
노원구,1636. 백병원 사거리 농협은행 앞,202006,3774
노원구,1637. KT 노원점 건물 앞,202006,4210
노원구,1639. 희성오피앙,202006,1676
노원구,1640. 한내근린공원 북측,202006,2159
노원구,1641. 한내근린공원 남측,202006,952
노원구,1642. 서울여대 남문,202006,865
노원구,1643. 태릉입구역 8번출구,202006,3088
노원구,1646. 삼육대 입구,202006,845
노원구,1650. 중계근린공원내,202006,4326
노원구,1651. 맥도날드 상계점 앞,202006,1388
노원구,1652. 파르코 앞,202006,640
노원구,1653. 노원역1번출구,202006,5178
노원구,1654. 당고개입구 오거리,202006,1349
노원구,1655. 공릉1단지아파트,202006,3423
노원구,1656. 중앙하이츠 아파트 입구,202006,2508
노원구,1657. 노원구청,202006,1481
노원구,1659. 중계동 을지중학교,202006,1504
노원구,1660. 서울시립과학관,202006,714
노원구,1661. 당현천근린공원,202006,1225
노원구,1662. 노원역7번출구,202006,1892
노원구,1663. 동해문화예술관앞,202006,3259
노원구,1664. 노해근린공원내,202006,566
노원구,1665. 양지근린공원앞,202006,1261
노원구,1666. 노원소방서인근,202006,2091
노원구,1667. 중계중학교,202006,2015
노원구,1668. 중계역 6번출구,202006,3188
노원구,1669. 중계역 3번출구,202006,2284
노원구,1670. 노원경찰서교차로,202006,1964
노원구,1671. 인덕대학교,202006,1369
노원구,1672. 상계동수락리버시티,202006,1001
노원구,1673. 노원역 5번출구,202006,4373
노원구,1674. 서울북부고용센터앞,202006,2767
노원구,1675. 월계문화체육센터,202006,123
노원구,1677. 육군사관학교 앞,202006,1681
노원구,1678. 성서대학교 밀알관,202006,405
노원구,1679. 삼육대 도서관,202006,335
노원구,1680. 삼육대 제3과학관,202006,68
노원구,1681. 현대6차 아파트,202006,1307
노원구,1682. 중계종합사회복지관 교차로,202006,1293
노원구,1683. 노원문화예술회관,202006,1921
노원구,1684. 태릉입구역 5번출구,202006,3398
노원구,1685. 불암고등학교 앞 횡단보도,202006,1033
노원구,1686. 온수골사거리(스타벅스앞),202006,3406
노원구,1688. 마들역 7번출구,202006,2414
노원구,1689. 마들역 3번출구,202006,1766
노원구,1690. 도봉운전면허시험장,202006,1655
노원구,1691. 노원정보도서관,202006,1063
노원구,1692. 온곡초교 교차로,202006,1711
노원구,1693. 원자력 병원,202006,618
노원구,1696.수락리버시티4단지,202006,535
노원구,1697.상계주공2단지 219동,202006,1131
노원구,1700.상계보람아파트 202동,202006,797
노원구,2901.공릉동풍림아파트 101동,202006,969
노원구,2902.공릉풍림아파트 108동,202006,1119
노원구,2903.월계초안아파트 1단지,202006,615
노원구,2904.중계3차청구아파트,202006,715
노원구,2905.중계주공6단지,202006,432
노원구,2907. 월계중학교,202006,464
노원구,2908. 광운대학교 중앙도서관,202006,689
노원구,2909. 석계역 3번 출구,202006,610
노원구,2910.도깨비시장,202006,1622
노원구,2911.상계역중앙시장,202006,914
노원구,2912.대진고등학교,202006,1490
노원구,2913.상계8동 주민센터,202006,1711
노원구,2915.서울과학기술대학교(어학교육원),202006,837
노원구,2917.신창중학교 후문 맞은편 버스정류장,202006,831
노원구,2919.등나무 근린공원(시립북서울미술관 앞),202006,1771
노원구,2920.상계중학교(당현2교사거리),202006,573
노원구,2921.중계역 2번출구,202006,962
도봉구,1702. 녹천역 1번출구 앞,202006,1014
도봉구,1703. 도봉산광역환승센터앞,202006,852
도봉구,1705. 도봉구청 정문앞,202006,1841
도봉구,1706. 기업은행 앞,202006,1392
도봉구,1707. 도봉구민회관,202006,1557
도봉구,1708. 보건소사거리(다비치안경창동점),202006,2182
도봉구,1709. 쌍문역4번출구 주변,202006,1993
도봉구,1713. 쌍문동 청소년 랜드,202006,1184
도봉구,1714. 도봉문화정보도서관 삼거리,202006,337
도봉구,1715. 서울특별시교육청도봉도서관,202006,1454
도봉구,1716. 하나로마트 창동점,202006,2962
도봉구,1717. 시립창동운동장 입구,202006,526
도봉구,1719. 신도봉사거리 버스정류장,202006,769
도봉구,1720. 도봉구청 옆(중랑천변),202006,3450
도봉구,1721. 창동역 2번출구,202006,3440
도봉구,1722. 창동청소년수련관,202006,1230
도봉구,1723. 방학동학마을도서관,202006,1140
도봉구,1725. 창1동주민센터,202006,659
도봉구,1726. 삼익세라믹아파트교차로,202006,1658
도봉구,1727. 서울도봉초등학교인근,202006,549
도봉구,1728. 서울북부지방법원,202006,568
도봉구,1729. 파리바게트앞,202006,1077
도봉구,1730. 도봉산역 교차로 앞,202006,530
도봉구,1731. 도봉고등학교 맞은편,202006,455
도봉구,1732. 우리은행 앞,202006,1153
도봉구,1733. 방학사거리 (봄마당 앞),202006,1901
도봉구,1734. 쌍문현대1차아파트 108동 앞,202006,1383
도봉구,"1735. 도봉역 1,2번 출구사이 건너편",202006,1134
도봉구,1736. 버스정류장 앞,202006,826
도봉구,1737. 하나은행 (창동점),202006,2565
도봉구,1738. 창동주공17단지 상가앞,202006,1964
도봉구,1741. 제일강산수산입구,202006,3213
도봉구,1742. 북한산 코오롱 하늘채,202006,1534
도봉구,1743.창동19단지아파트 관리사무소앞,202006,418
도봉구,1744.KT방학지사 앞,202006,635
도봉구,1748. 피자헛 앞(도봉병원 옆),202006,236
도봉구,1749. ESA아파트 상가 앞,202006,531
도봉구,1752. 창동 주공 4단지 입구 옆,202006,352
도봉구,1754. 창동시장입구 사거리,202006,295
도봉구,1756.서울북부광역등기국,202006,178
도봉구,1757.솔밭공원역 1번출구 앞,202006,218
도봉구,1758.북서울교회 버스정류소 앞,202006,314
도봉구,1759.서울북부지방법원 앞,202006,206
도봉구,1761.방학중학교 앞,202006,284
도봉구,1765.쌍문역 1번 출구(양산부인과 빌딩),202006,291
도봉구,1766.소피아 관광호텔 앞,202006,1
도봉구,1768.신동아타워 버스정류소,202006,373
도봉구,1770.강북성복교회 주변,202006,638
도봉구,1771.성원APT버스정류소,202006,474
도봉구,1772.시립도봉노인복지관 버스정류소,202006,254
도봉구,1774.반석교회(쌍문동),202006,110
도봉구,1775.신원리베르텔 앞,202006,290
동대문구,600. 휘경2동 주민센터,202006,401
동대문구,601. 용신동주민센터,202006,935
동대문구,602. 장안동 사거리,202006,4210
동대문구,604. 답십리초등학교 옆 공원,202006,982
동대문구,605. 신설동역8번출구,202006,1329
동대문구,606. 휘경공고앞,202006,1330
동대문구,607. 신이문역 2번출구,202006,1183
동대문구,608. 전농삼성아파트,202006,294
동대문구,609. 제기2교,202006,2451
동대문구,610. 동대문중 교차로,202006,982
동대문구,612. 시립동부병원 앞 사거리,202006,1968
동대문구,613. 신설동역 10번출구 앞,202006,1904
동대문구,614. 용두동 사거리,202006,2278
동대문구,615. 용두동 래미안허브리츠아파트 앞,202006,1765
동대문구,616. 서울시립대 앞,202006,388
동대문구,617. 청솔우성아파트 앞,202006,1724
동대문구,621. 동대문중학교 옆,202006,372
동대문구,622. 전농사거리 교통섬,202006,1676
동대문구,623. 서울시립대 정문 앞,202006,1919
동대문구,624. 전농동 동아아파트 앞,202006,1594
동대문구,625. 답십리초등학교 앞(현대시장 옆),202006,2141
동대문구,626. 군자교 서측 녹지대,202006,1650
동대문구,627. 장안동삼거리 교통섬,202006,2249
동대문구,628. 휘봉고등학교 앞,202006,818
동대문구,630. 동대문구 보건소,202006,2144
동대문구,631. 답십리역 1번출구,202006,2817
동대문구,633. 청량리 기업은행 앞,202006,1968
동대문구,634. 외국어대 정문 앞,202006,3457
동대문구,635. 시조사 앞 (청량고정문 옆),202006,2011
동대문구,636. 세종대왕기념관 교차로,202006,966
동대문구,637. KAIST 경영대학 앞,202006,1284
동대문구,638. 서울시립대 정보기술관,202006,505
동대문구,639. 서울시립대 후문,202006,762
동대문구,640. KEB하나은행 청량리역지점,202006,975
동대문구,641. 용두역 4번출구,202006,2625
동대문구,642. 신답역 사거리,202006,534
동대문구,643. 동대문구민체육센터 (육교아래),202006,1913
동대문구,646. 장한평역 1번출구 (국민은행앞),202006,4496
동대문구,647. 신이문역 1번출구,202006,1232
동대문구,648. 장안동위더스빌옆,202006,3109
동대문구,650. 중랑교사거리,202006,3448
동대문구,651. 우리은행청량리지점앞,202006,361
동대문구,652. 답십리 래미안엘파인아파트 입구,202006,851
동대문구,654. 전농동 텃골공원,202006,695
동대문구,656. 영휘원 교차로,202006,1003
동대문구,657. 동대문롯데캐슬아파트 앞,202006,1492
동대문구,658. 촬영소 사거리,202006,1417
동대문구,659. 제기역1번출구,202006,2120
동대문구,660. 동의보감타워,202006,1478
동대문구,661. 경희대학교 청운관,202006,1364
동대문구,663. 외대앞역 4번출구,202006,2548
동대문구,664. 서울시립대 대학본부,202006,451
동대문구,665.이문동 쌍용아파트 정문,202006,858
동대문구,666.이문대성유니드아파트 앞,202006,175
동대문구,667.청량차도 육교 밑,202006,307
동대문구,668.서울축산농협(장안지점),202006,1837
동대문구,669.청계한신휴플러스앞 삼거리,202006,897
동대문구,670.삼육서울병원 버스정류장,202006,2211
동대문구,671.대광빌딩,202006,158
동대문구,672.대광고등학교,202006,258
동대문구,673.안암골벽산아파트(후문),202006,756
동대문구,674.고대앞사거리 교통섬,202006,855
동대문구,675.성복교회 앞 (장평교 아래),202006,1190
동대문구,676.FITI시험연구원 앞,202006,497
동대문구,677.청량리역 4번 5번출구 사이,202006,954
동대문구,678.장안힐스테이트(아) 앞,202006,909
동대문구,679.전농SK아파트 앞,202006,293
동대문구,680.꿈마루어린이도서관 앞,202006,1211
동대문구,681.서울특별시 동부교육지원청(육교),202006,99
동작구,2002. 노들역 1번출구,202006,5407
동작구,2003. 사육신공원앞,202006,2800
동작구,2007. 유한양행앞,202006,1886
동작구,2008. 노량진근린공원 대방공원,202006,598
동작구,2009. 보라매역 8번출구,202006,1079
동작구,2012. 녹십초요양병원앞,202006,949
동작구,2013. 장승배기역 5번출구,202006,2305
동작구,2015. 신대방삼거리역 6번출구쪽,202006,2675
동작구,2016. 신대방삼거리역 3번출구쪽,202006,2366
동작구,2020. 장승배기역2번출구뒷편쪽,202006,971
동작구,2024. 상도역 1번출구,202006,1506
동작구,2025. 흑석역 1번출구,202006,4893
동작구,2026. 흑석역 4번출구,202006,1002
동작구,2027. 중앙대학교 정문,202006,1157
동작구,2032. 이수역 11번출구쪽,202006,2230
동작구,2033. 사당동 아르테스 웨딩앞,202006,1468
동작구,2034. 사당역 7번출구쪽,202006,1796
동작구,2036. 정금마을 마을버스정류장,202006,948
동작구,2037. 동작역 5번출구 동작주차공원,202006,1241
동작구,2038. 동작역 7번출구,202006,250
동작구,2040. 비계 버스정류소,202006,421
동작구,2041. 사당중학교 버스정류소,202006,439
동작구,2048. 삼일초등학교 인근,202006,926
동작구,2050. 노량진역 5번출구,202006,3599
동작구,2054. 삼익아파트,202006,1563
동작구,2056. 동작구민 체육센터,202006,1275
동작구,2057. 상도 아이파크 아파트,202006,593
동작구,2058. 노량진동 맥도널드앞,202006,2965
동작구,2059. 보라매공원 정문,202006,2251
동작구,2060. 남성역3번출구 뒤,202006,1794
동작구,2061. 한강 현대아파트 건너편,202006,223
동작구,2062. 사당새마을금고,202006,479
동작구,2063. 대방역 4번출구,202006,1882
동작구,2064. 흑석한강푸르지오 106동앞,202006,424
동작구,2065. 서울시여성가족재단,202006,1159
동작구,2066. 양문교회 앞,202006,2114
동작구,2067. LG전자 베스트? 대리점 앞,202006,1236
동작구,2068. 총신대 앞(육교),202006,166
동작구,2069. 숭실대 입구역3번 출구 앞,202006,959
동작구,2070. 노량진역 2번 출구 앞,202006,2045
동작구,2071. 대림아파트 후문 상가 옆,202006,350
동작구,2073.동작상떼빌 103동 앞,202006,1
동작구,2076.노들나루공원 입구,202006,1728
동작구,2077.노들역 3번출구,202006,370
동작구,2080.빕스 대방점 앞,202006,255
동작구,2081.대방1차 e편한세상 앞,202006,318
동작구,2082.7호선 이수역7번출구,202006,17
동작구,2083.흑석롯데캐슬에듀포레(107동),202006,10
동작구,2084.e편한세상 상도노빌리티 앞,202006,280
동작구,2085.강남중학교 앞,202006,266
동작구,2086.삼일수영장 앞,202006,46
동작구,2088.상도중앙하이츠빌 입구,202006,195
동작구,2089.사당역10번출구(금강빌딩),202006,282
동작구,2090.기아자동차 사당점 앞,202006,235
동작구,2091.이수역9번출구(맥도날드),202006,217
동작구,2092.흑석한강푸르지오(110동),202006,103
동작구,2093.상도SH빌아파트 입구,202006,34
동작구,2094.숭실대학교(중문),202006,77
동작구,2095.경문고등학교 앞,202006,208
동작구,2096.서울특별시 동작관악교육지원청,202006,34
동작구,237. 보라매 두산위브 건너편,202006,1750
마포구,101. (구)합정동 주민센터,202006,995
마포구,102. 망원역 1번출구 앞,202006,4138
마포구,103. 망원역 2번출구 앞,202006,3041
마포구,104. 합정역 1번출구 앞,202006,2131
마포구,105. 합정역 5번출구 앞,202006,1515
마포구,106. 합정역 7번출구 앞,202006,5561
마포구,107. 신한은행 서교동금융센터점 앞,202006,3231
마포구,108. 서교동 사거리,202006,1985
마포구,109. 제일빌딩 앞,202006,2459
마포구,111. 상수역 2번출구 앞,202006,2111
마포구,112. 극동방송국 앞,202006,1580
마포구,113. 홍대입구역 2번출구 앞,202006,6583
마포구,114. 홍대입구역 8번출구 앞,202006,3212
마포구,118. 광흥창역 2번출구 앞,202006,1724
마포구,119. 서강나루 공원,202006,2349
마포구,120. 신수동 사거리,202006,605
마포구,121. 마포소방서 앞,202006,1217
마포구,122. 신성기사식당 앞,202006,1326
마포구,124. 서강대 정문 건너편,202006,1637
마포구,125. 서강대 남문 옆,202006,617
마포구,126. 서강대 후문 옆,202006,1569
마포구,127. 현대벤처빌 앞,202006,492
마포구,129. 신촌역(2호선) 6번출구 옆,202006,1336
마포구,130. 신촌역(2호선) 7번출구 앞,202006,2223
마포구,136. 대흥동 주민센터,202006,297
마포구,142. 아현역 4번출구 앞,202006,602
마포구,143. 공덕역 2번출구,202006,1667
마포구,144. 공덕역 8번출구,202006,4003
마포구,145. 공덕역 5번출구,202006,1644
마포구,146. 마포역 2번출구 뒤,202006,3683
마포구,147. 마포역 4번출구 뒤,202006,3299
마포구,148. 용강동 주민센터 앞,202006,2708
마포구,150. 서강대역 2번출구 앞,202006,1530
마포구,151. 망원1동주민센터,202006,3145
마포구,152. 마포구민체육센터 앞,202006,11719
마포구,153. 성산2교 사거리,202006,2706
마포구,154. 마포구청역,202006,3726
마포구,155. 가좌역1 번출구 뒤,202006,1627
마포구,156. 서울서부지방법원 앞,202006,1130
마포구,157. 애오개역 4번출구 앞,202006,1676
마포구,181. 망원초록길 입구,202006,658
마포구,182. 망원2빗물펌프장 앞,202006,3977
마포구,183. 하늘채코오롱아파트 건너편,202006,3504
마포구,184. SK망원동주유소 건너편,202006,2660
마포구,185. 마포 신수공원 앞,202006,1535
마포구,186. 월드컵공원,202006,4890
마포구,199. 서울 월드컵 경기장,202006,1280
마포구,3002.벽산상암스마트큐브,202006,2192
마포구,3003.래미안신공덕3차아파트,202006,66
마포구,3005.마포구청 청사내,202006,279
마포구,3006. 상암월드컵파크5단지(상암중학교),202006,213
마포구,3007.MBC 앞,202006,673
마포구,3008.DMC역7번출구,202006,138
마포구,3009.서교동사거리(신),202006,1373
마포구,3010.홍대입구역 3번출구,202006,1698
마포구,3011.경의선(노고산동),202006,679
마포구,400. 상암한화오벨리스크 1차 앞,202006,1335
마포구,401. 상암월드컵파크 10단지 앞,202006,1143
마포구,402. 상암월드컵파크 9단지 앞,202006,1323
마포구,403. 부엉이공원 앞,202006,935
마포구,405. DMC빌 앞,202006,784
마포구,406. 상암월드컵파크 7단지 앞,202006,854
마포구,407. 마포구 육아종합지원센터,202006,1176
마포구,408. LG CNS앞,202006,1076
마포구,409. 누리꿈스퀘어 옆,202006,2545
마포구,410. 상암중학교 옆,202006,481
마포구,411. DMC홍보관,202006,1555
마포구,412. DMC산학협력연구센터 앞,202006,1992
마포구,413. 상암월드컵파크 3단지 후문,202006,792
마포구,414. 상암동주민센터 옆,202006,1756
마포구,415. DMC역 9번출구 앞,202006,2638
마포구,416. 상암월드컵파크 1단지 교차로,202006,940
마포구,417. DMC역 2번출구 옆,202006,2164
마포구,418. 월드컵경기장역 3번출구 옆,202006,3781
마포구,419. 홈플러스 앞,202006,3153
마포구,420. 서울시 공공자전거 상암센터,202006,2058
마포구,421. 마포구청 앞,202006,2834
마포구,422. 문화비축기지,202006,317
마포구,424. 롯데하이마트 (상암월드컵점),202006,704
마포구,425. DMC첨단산업센터,202006,708
마포구,426. 서울신용보증재단,202006,2114
마포구,427. 성산시영아파트,202006,1850
마포구,432. 마포중앙도서관,202006,545
마포구,436. 이대역 5번출구,202006,299
마포구,437. 대흥역 1번출구,202006,1474
마포구,438. 성산2-1 공영주차장,202006,2620
마포구,439. 마포어린이공원,202006,2973
마포구,440. 하늘공원 입구,202006,1341
마포구,487.신석초교앞 교차로 교통섬,202006,649
마포구,489.구룡근린공원,202006,131
마포구,490.가온문화공원,202006,796
마포구,491.월드컵파크 4단지,202006,291
마포구,492.성산시영아파트 후문,202006,631
마포구,493.홍대입구역 6번출구,202006,1134
마포구,495.염리초등학교 앞,202006,782
마포구,497.합정동주민센터 앞,202006,1426
마포구,498.연남동주민센터 앞,202006,1602
서대문구,110. 사천교,202006,1042
서대문구,115. 사루비아 빌딩 앞,202006,1155
서대문구,116. 일진아이윌아파트 옆,202006,2287
서대문구,117. 홍은사거리,202006,4873
서대문구,123. 문화촌 공원,202006,2943
서대문구,128. 신촌역(2호선) 1번출구 옆,202006,2087
서대문구,131. 증산2교,202006,3515
서대문구,133. 해담는다리,202006,2714
서대문구,134. 연세로 명물길,202006,1290
서대문구,135. 명물길 원형무대 앞,202006,937
서대문구,137. NH농협 신촌지점 앞,202006,422
서대문구,138. 신촌동 제1공영주차장 앞,202006,934
서대문구,139. 연세대 정문 건너편,202006,427
서대문구,140. 이화여대 후문,202006,848
서대문구,141. 연대 대운동장 옆,202006,753
서대문구,158. 독립문 어린이 공원,202006,779
서대문구,159. 이대역 4번 출구,202006,290
서대문구,160. 북아현동 가구거리,202006,657
서대문구,161. 무악재역1번 출구,202006,554
서대문구,162. 봉원고가차도 밑,202006,906
서대문구,163. 명지전문대학교 정문 앞,202006,490
서대문구,164. 북가좌1동 주민센터,202006,691
서대문구,165. 중앙근린공원,202006,2050
서대문구,166. 가재울 초등학교,202006,3457
서대문구,167. 연가초등학교 옆,202006,796
서대문구,169. 북가좌 삼거리,202006,915
서대문구,170. 가재울 뉴타운 주유소 옆,202006,1648
서대문구,171. 임광빌딩 앞,202006,781
서대문구,173. 서대문역 8번출구 앞,202006,882
서대문구,175. 홍연2교옆,202006,3197
서대문구,176. 명지대학교 도서관,202006,2550
서대문구,177. 북가좌 초등학교,202006,846
서대문구,178. 증산3교 앞,202006,1680
서대문구,179. 가좌역 4번출구 앞,202006,2062
서대문구,180. 충정로역 7번출구 아래,202006,1052
서대문구,188. 홍은동 정원여중 입구,202006,1917
서대문구,191. 서우빌딩(바른학원),202006,1202
서대문구,192. 연서어린이공원,202006,803
서대문구,194. 증산교 앞,202006,2442
서대문구,195. 모래내고가차도,202006,780
서대문구,196. 연희교차로 인근,202006,446
서대문구,198. 충정2교,202006,881
서대문구,3100. 북성초교,202006,305
서대문구,3101. 서대문구청,202006,1268
서대문구,3102. 연희삼거리,202006,1361
서대문구,3103. 홍제삼거리 북측,202006,1197
서대문구,3104. e편한세상 신촌4단지 앞,202006,1014
서대문구,3105. 홍은센트레빌 아파트 앞,202006,515
서대문구,3106. 홍남교 두바퀴쉼터,202006,2708
서대문구,3107. 연희초등학교 앞,202006,562
서대문구,3109.북한산더? 106동 앞,202006,80
서대문구,3110.홍은 현대아이파크 아파트 202동 앞,202006,147
서대문구,3111.무악재역 4번 출구,202006,57
서대문구,3112.독립문역 5번 출구,202006,37
서대문구,3113.독립문역사거리,202006,78
서대문구,3114.충정로역 3번 출구,202006,162
서대문구,3115.북아현 치안센터 인근,202006,221
서대문구,3116.신촌역 4번출구,202006,223
서대문구,3117.이화여대 인문관 인근,202006,126
서대문구,3119.연희 브라운스톤 아파트 앞,202006,431
서대문구,3120.DMC엘가아파트 앞,202006,321
서대문구,3121.가좌삼거리,202006,284
서대문구,3122.북가좌삼거리2,202006,206
서대문구,3123.DMC파크뷰자이1단지 110동 앞,202006,116
서대문구,3126.남가좌동 제2공영주차장,202006,125
서대문구,3127.홍은2파출소 옆,202006,91
서대문구,3128.동신병원 맞은편,202006,158
서대문구,3129.DMC래미안e편한세상203동옆,202006,196
서대문구,3131.연가교 교차로,202006,208
서대문구,3132.홍제교,202006,74
서대문구,3133.핀란드 타워앞,202006,47
서대문구,3134.SK리쳄블(상수도사업본부),202006,170
서초구,2201. 본마을 정류소 앞,202006,245
서초구,2202.청계산입구역 1번출구,202006,1231
서초구,2203. 청계산입구역 2번출구,202006,275
서초구,2205. 내곡3단지 어린이공원 앞,202006,730
서초구,2206. 언남초등학교 앞,202006,1174
서초구,2207. 내곡파출소 뒤 정자,202006,131
서초구,2210. 반포1동 주민센터 앞,202006,623
서초구,2211. 서초구립반포도서관 앞,202006,993
서초구,2212.서초현대4차아파트 201동 맞은편,202006,460
서초구,2213. 고속터미널역 5번출구 앞,202006,1636
서초구,2214. 신반포역 2번출구 앞,202006,1857
서초구,2215. 반포종합운동장 입구,202006,885
서초구,2217.아크로리버뷰 부지 앞,202006,3820
서초구,"2219. 고속터미널역 8-1번, 8-2번 출구 사이",202006,9103
서초구,2220. 반포본동 주민센터 앞,202006,4341
서초구,2221.하나은행 방배동지점 앞,202006,1815
서초구,2222.사당역 12번출구 뒤,202006,2588
서초구,2223. 방배래미안 정문 앞,202006,480
서초구,2225.백석예술대학교 제3캠퍼스 앞,202006,155
서초구,2226. 신동아럭스빌아파트 앞,202006,219
서초구,2227.방배열린문화센터 앞,202006,1259
서초구,2228.뒷벌공원 옆,202006,2006
서초구,2229.로고스교회 맞은 편,202006,412
서초구,2230.이수역 4번 출구,202006,2403
서초구,2231. 삼성타운(삼성생명) A동 맞은편,202006,2069
서초구,2233. 서초신동아1차아파트 옆,202006,841
서초구,2235.KT 서초지사 앞,202006,664
서초구,2237.서울남부터미널 대합실 입구,202006,994
서초구,2239.교대역 6번출구,202006,645
서초구,2241.양재전화국 사거리,202006,386
서초구,2242.양재역 11번 출구 앞,202006,1255
서초구,2243.서울가정법원,202006,832
서초구,2244.교육개발원입구 교차로,202006,1680
서초구,2245.양재초등학교 맞은편,202006,378
서초구,2246. 서울시 품질시험소 앞,202006,741
서초구,2247.섬들근린공원,202006,1915
서초구,2248. 서초리슈빌S 글로벌 앞,202006,558
서초구,2249. 우솔초등학교 맞은편,202006,400
서초구,2250. 서초유치원 맞은편,202006,925
서초구,2251. 더케이호텔 입구(양재2),202006,1216
서초구,2252. 하이브랜드 앞,202006,1672
서초구,2255.시민의숲역 1번출구 옆,202006,2239
서초구,2256.양재동 꽃시장 입구,202006,687
서초구,2257. 하나로클럽 양재점 맞은편,202006,292
서초구,2258.구룡사 삼거리,202006,301
서초구,2259. 잠원역 3번-4번 출구사이,202006,1209
서초구,2262. 한신16차아파트 119동 앞,202006,5040
서초구,2263. 바우뫼문화복지회관,202006,898
서초구,2264. 이수역 1번출구,202006,3232
서초구,2265. 이수고가차도 남단,202006,2625
서초구,2266. 서초역 3번출구,202006,990
서초구,2268. 서초4동주민센터,202006,857
서초구,2269. 주홍교 하부,202006,350
서초구,2270. 서초포레스타 7단지,202006,519
서초구,2271. 내방역 8번출구 앞,202006,972
서초구,2272. 교대입구 교차로,202006,301
서초구,2273. 일동제약 사거리,202006,1084
서초구,2274. 양재시민의숲역 3번출구,202006,1709
서초구,2275. 염곡치안센터 건너편,202006,107
서초구,2276. 영동1교 (양재천근린공원),202006,1143
서초구,2277. 길마중4교 하부,202006,1373
서초구,2279. 교대역 5번출구뒤,202006,1387
서초구,2280. 서울서초고용센터앞,202006,604
서초구,2281. 연세사랑병원신관앞,202006,513
서초구,2282. 방배래미안아트힐 101동앞,202006,209
서초구,2283. 그룹한빌딩옆,202006,271
서초구,2284. CJ오쇼핑앞,202006,220
서초구,2285. LH서초3단지 301동 맞은편,202006,788
서초구,2286. 탑성마을입구,202006,74
서초구,2287. 능안마을입구,202006,35
서초구,2288. 안골마을입구,202006,42
서초구,2289. 남태령역 2번출구,202006,145
서초구,2290. 서래마을파리15구공원앞,202006,1301
서초구,2292. 무지개아파트 앞,202006,404
서초구,2293. SPC 앞,202006,853
서초구,2294. 두상빌딩 앞,202006,1431
서초구,2297. 남부터미널역 1번출구,202006,794
서초구,2298. 래미안서초스위트앞,202006,462
서초구,2299. 한전아트센터 앞,202006,909
서초구,2501. 서초 포레스타5단지,202006,791
서초구,2502. 서초역1번출구 앞,202006,672
서초구,2503. 반포1동 서초빌딩 앞,202006,993
서초구,2504. 신사역 4번출구 뒤,202006,1047
서초구,2505. 우성아파트사거리 (기업은행앞),202006,1506
서초구,2506. LG유플러스 (방배사옥),202006,365
서초구,2508. 양재이스타빌 앞,202006,1299
서초구,2509. KT반포지사,202006,679
서초구,2510. JW타워,202006,201
서초구,2511. 이수역 6번출구 앞,202006,1365
서초구,2514.사평역 2번출구,202006,57
서초구,2515.서초초등학교 후문,202006,50
서초구,2516.본마을 노인복지센터 앞,202006,139
서초구,2517.서초3교(효령로69길 방면),202006,110
서초구,2518.서초3교(효령로70길 방면),202006,151
서초구,2519.서초2교(사임당로 방면),202006,20
서초구,2520.서초1교 (진흥아파트 방면),202006,122
서초구,2521.서초 크로바타워 앞,202006,112
서초구,2523.뉴코아 킴스클럽 앞,202006,481
서초구,2525.반포쇼핑타운 2동 앞,202006,10
서초구,2526.반포경남쇼핑 앞,202006,536
서초구,2527.반포중학교 앞(세화여고 맞은편),202006,183
서초구,2528.함지박 사거리,202006,282
서초구,2529.우리은행 방배동지점 앞,202006,424
서초구,2530.삼호3차아파트 앞,202006,492
서초구,2531.멤피스아파트 앞,202006,415
서초구,2532.국립국악원 앞,202006,46
서초구,2533.한가람미술관 앞,202006,92
서초구,2534.신흥교(애견훈련소),202006,27
서초구,2535.신반포역 3번출구 뒤,202006,146
서초구,2536.서초종합체육관 입구,202006,12
서초구,2537.양재역 8번출구 앞,202006,215
서초구,2538.사평리 공원,202006,487
서초구,2539.대한무역투자진흥공사 KOTRA 앞,202006,1
서초구,2540.반포천 앞,202006,228
서초구,2541.옛골 입구,202006,51
서초구,2542.신논현타워 앞,202006,320
서초구,2545.국립중앙도서관(국제회의장옆),202006,23
서초구,2547.포드서초서비스센터앞,202006,97
서초구,2548.반포1동 자율방범초소 옆,202006,3
서초구,2549.LH 서초 4단지 403동,202006,1
성동구,3511. 응봉역 1번출구,202006,5560
성동구,3513. 상왕십리역 1번출구,202006,1418
성동구,3514. 왕십리교회옆,202006,2198
성동구,3515. 서울숲 관리사무소,202006,3704
성동구,3519. 용답역 1번 출구,202006,3006
성동구,3525. 금호스포츠센터앞,202006,1874
성동구,3527. 왕십리 자이아파트,202006,17
성동구,3530. 왕십리자이아파트 후문(삼거리),202006,302
성동구,3531. 논골사거리(금호도서관 입구),202006,104
성동구,3532. 왕십리KCC스위첸아파트,202006,109
성동구,3538. 서울숲 IT캐슬,202006,1018
성동구,3544.한양대역 3번 출구,202006,621
성동구,3545.한양대역 1번출구,202006,1015
성동구,3548.뚝섬역 6번출구,202006,115
성동구,3549.건영아파트 앞,202006,106
성동구,3550.금호나들목,202006,713
성동구,3551.성동도로사업소,202006,217
성동구,3552.서울숲 공영주차장앞,202006,914
성동구,3553.마장역3번출구,202006,264
성동구,3555.양지사거리(센트라스APT 115동앞),202006,93
성동구,3556.신금호파크자이APT앞,202006,31
성동구,3557.서울숲리버뷰자이APT105동 앞,202006,200
성동구,3558.마장동 금호어울림APT앞,202006,455
성동구,3559.성동구민종합체육센터 앞,202006,1700
성동구,3560.성동구 견인차량 보관소 앞,202006,927
성동구,3561.행당동 삼부APT후문,202006,48
성동구,506. 금호 어울림 아파트 앞,202006,570
성동구,507. 성수아이에스비즈타워 앞,202006,1410
성동구,508. 성수아카데미타워 앞,202006,1533
성동구,509. 이마트 버스정류소 옆,202006,3518
성동구,510. 서울숲 남문 버스정류소 옆,202006,1637
성동구,511. 서울숲역 4번 출구 옆,202006,1307
성동구,512. 뚝섬역 1번 출구 옆,202006,3595
성동구,513. 뚝섬역 5번 출구 정류소 옆,202006,3118
성동구,514. 성수사거리 버스정류장 앞,202006,2170
성동구,518. 청계천 박물관 앞,202006,1103
성동구,519. 양지사거리,202006,989
성동구,520. 상왕십리역 4번 출구 앞,202006,858
성동구,521. 왕십리역 11번 출구 앞,202006,2124
성동구,522. 금호역 1번출구 앞,202006,426
성동구,523. 옥수동성당 옆,202006,69
성동구,524. 래미안금호하이리버 아파트 102동 옆,202006,560
성동구,525. 한양대병원사거리,202006,3178
성동구,526. 용답토속공원 앞,202006,1190
성동구,529. 장한평역 8번 출구 앞,202006,1275
성동구,530. 청계벽산아파트 앞,202006,2063
성동구,533. 우리은행 금호동 지점 앞,202006,712
성동구,534. 금호사거리,202006,395
성동구,535. 응봉삼거리,202006,770
성동구,536. 행당역 2번출구 앞,202006,1285
성동구,537. 한양대후문역 부근,202006,1990
성동구,538. 답십리역 8번출구 앞,202006,1085
성동구,550. 서울시설공단 앞,202006,1306
성동구,556. 달맞이공원,202006,183
성동구,557. 도선동 주민센터 앞,202006,1156
성동구,558. 성동광진 교육지원청 앞,202006,1782
성동구,559. 왕십리역 4번 출구 건너편,202006,2331
성동구,560. 비전교회 앞,202006,1819
성동구,561. 서울숲역 2번출구 앞,202006,2007
성동구,562. 군자지하보도 앞,202006,1359
성동구,563. 성동세무서 건너편,202006,1911
성동구,564. 금호역 3번출구,202006,122
성동구,565. 옥수역 3번출구,202006,7661
성동구,567. 성수역 2번출구 앞,202006,2926
성동구,568. 청계8가사거리 부근,202006,3191
성동구,569. 응봉현대아파트 정류소,202006,371
성동구,578. 성동세무서 부근,202006,1570
성동구,579. 마장역 4번출구,202006,1505
성동구,581. 용답초등학교,202006,1306
성동구,582. 경일중학교 앞,202006,1503
성동구,583. 청계천 생태교실 앞,202006,8297
성동구,585. 성수2가1동 공영주차장 인근,202006,3224
성동구,586. 마장동 주민센터,202006,1178
성동구,587. 유니베라 앞,202006,1602
성동구,589. 성수역3번출구,202006,3707
성동구,594. 중랑물재생센터(서울새활용플라자),202006,559
성북구,1302. 한성대입구역6번출구 뒤,202006,1893
성북구,1303. 돈암초교 입구,202006,1476
성북구,1304. 만해공원,202006,328
성북구,1305. 성북구청,202006,1099
성북구,1306. 한성대입구역2번출구,202006,44
성북구,1308. 안암로터리 버스정류장 앞,202006,5567
성북구,1314. 정릉꿈에그린1단지 201동 앞,202006,504
성북구,1315. 고려사대부속중고 정문,202006,541
성북구,1316. 고려사대부속중고 건너편,202006,517
성북구,1318. 길음역 3번출구 뒤,202006,1248
성북구,1319. 종암사거리 분수대,202006,4
성북구,1320. LG베스트샵 종암점,202006,3165
성북구,1321. 국민은행 종암동지점 앞,202006,3057
성북구,1322. 래미안라센트아파트 103동 앞,202006,1293
성북구,1323. 월곡역 입구 육교 밑,202006,1022
성북구,1325. 상월곡역 4번출구,202006,763
성북구,1326. 상월곡역 1번출구,202006,1038
성북구,1327. 상월곡역 3번출구,202006,1662
성북구,1328. 월곡역 3번출구,202006,3213
성북구,1332. 석계역 5번출구 건너편,202006,2709
성북구,1333. 석관초등학교 앞,202006,2467
성북구,1334. 석관동주민센터 앞,202006,1399
성북구,1336. 성북3교 위,202006,2805
성북구,1337. 돈암성당 옆,202006,3668
성북구,1338. 용문2교 옆,202006,1312
성북구,1339. 삼성전자서비스 성북센터,202006,1611
성북구,1340. 광운초등학교 앞,202006,1561
성북구,1342. 성북쉼터 앞,202006,305
성북구,1343. 한성대7번출구 앞,202006,1335
성북구,1344. 아리랑시네센터 앞,202006,498
성북구,1346. 길음8골어린이공원 옆,202006,1110
성북구,1347. 길음래미안아파트817동 상가 앞,202006,577
성북구,1348. 성북제일새마을금고 본점 앞,202006,705
성북구,1349. 월계2교 버스정류장 앞,202006,701
성북구,1351. 안암2교 옆,202006,2230
성북구,1352. e 편한세상 보문아파트 내,202006,341
성북구,1353. 금호어울림센터힐 내,202006,408
성북구,1354. 고려대학교 2번출구,202006,2181
성북구,1355. 보문2교,202006,3137
성북구,1357. 북한산보국문역,202006,783
성북구,1358. 정릉도서관 앞,202006,910
성북구,1359. 장위뉴타운 꿈에 숲 코오롱 하늘채 앞,202006,1148
성북구,1360. 정릉역,202006,1097
성북구,1361. 홍익중고 입구,202006,1182
성북구,1362. 보문역6번출구 앞,202006,1692
성북구,1363. 보문4교 인근,202006,2621
성북구,1364. 성북동 치안센터 앞,202006,687
성북구,1365. 선잠단지 앞,202006,299
성북구,1366. 일신초등학교 옆,202006,541
성북구,1367. 길음문화복합미디어센터,202006,500
성북구,1368. 성신여대입구 교차로,202006,1425
성북구,1369. 미아사거리,202006,2093
성북구,1370. 복자사랑 피정의 집,202006,570
성북구,1372. KEB은행 고대점,202006,2461
성북구,1373. 성북구보건소 건너편,202006,1545
성북구,1375. 생명의 전화 종합복지관 앞 교차로,202006,2506
성북구,1376. 한국과학기술연구원 중문,202006,250
성북구,1377. 한국과학기술연구원 북문,202006,261
성북구,1379.길음뉴타운푸르지오아파트 3단지,202006,32
성북구,1380.월곡역 5번출구 앞,202006,464
성북구,1381.석계역 4번출구 뒤,202006,402
성북구,1382.래미안월곡아파트 입구,202006,77
성북구,1383.성북동 주민센터 건너편,202006,249
성북구,1384.성신여대입구역 5번출구,202006,723
성북구,1385.성신여대입구역 3번출구 앞,202006,139
성북구,1386.동선고가차도 초입,202006,167
성북구,1388.커핀그루나루,202006,75
성북구,1390.석관래미안아트리치,202006,486
성북구,1391.성북청소년센터,202006,233
성북구,1392.돈암삼성풍림아파트,202006,15
성북구,1393.돈암육교 하단,202006,47
성북구,1394.길음뉴타운 래미안9단지,202006,818
성북구,1395.래미안장위포레카운티(102동),202006,220
성북구,1396.래미안장위퍼스트하이(513동),202006,360
성북구,1397.래미안월곡아파트 (창문여고 건터편),202006,238
송파구,1201. 가락시장역 3번 출구,202006,2758
송파구,1203. 밀리아나2빌딩 앞,202006,2853
송파구,1204. 거여역 3번출구,202006,1544
송파구,1205. 종합운동장역 4번출구,202006,1491
송파구,1206. 9호선종합운동장역 9번출구,202006,1367
송파구,1207. 마천CU우방점 앞,202006,1036
송파구,1208. 풍납현대아파트쉼터,202006,2134
송파구,1209. 잠실나루역 (2번 출구 쪽),202006,5741
송파구,1210. 롯데월드타워(잠실역2번출구 쪽),202006,7386
송파구,1211. 방이삼거리,202006,4165
송파구,1212. 송파역 2번 출구앞,202006,2689
송파구,1213. 백토공원 앞,202006,974
송파구,1214. 오금역 7번 출구 인근,202006,1517
송파구,1215. 올림픽공원역 1번출구 앞,202006,1819
송파구,1217. 송파파인타운 7단지,202006,1360
송파구,1218. 방이역 4번출구,202006,2755
송파구,1220. 잠실본동주민센터뒤 잠실근린공원,202006,2279
송파구,1221. 삼전사거리 포스코더샵,202006,2750
송파구,1222. 잠실새내역 5번 출구 뒤,202006,5143
송파구,1224. 아시아지하보도 2번 출구,202006,1894
송파구,1226. 잠실4동 주민센터 옆,202006,2056
송파구,1227. 거여역 8번출구 뒤,202006,1660
송파구,1228. 마천사거리,202006,1469
송파구,1229. 송파체육문화회관 앞,202006,1343
송파구,1230. 송파중학교 정문,202006,1112
송파구,1231. 잠실역 6번출구,202006,2899
송파구,1232. 롯데마트 주차장 옆,202006,1612
송파구,1233. 잠실3거리(갤러리아팰리스),202006,1056
송파구,1235. 잠실트리지움310동 옆,202006,2111
송파구,1239. 문정 법조단지3,202006,565
송파구,1240. 문정 법조단지4,202006,696
송파구,1241. 문정 법조단지5,202006,518
송파구,1242. 문정 법조단지6,202006,184
송파구,1243. 문정 법조단지7,202006,3028
송파구,1244. 문정 법조단지8,202006,2794
송파구,1245. 문정 법조단지9,202006,1952
송파구,1246. 문정 법조단지10,202006,1799
송파구,1247. 문정 법조단지11,202006,1265
송파구,1248. 방이초등학교,202006,2563
송파구,1249. 아주중학교건너편,202006,1471
송파구,1250.문정2동 주민센터,202006,715
송파구,1251. 석촌역 2번출구,202006,3031
송파구,1253. 오금역 3번 출구 뒤,202006,865
송파구,1256. 문정현대아파트 교차로,202006,1173
송파구,1257. 가락시장역 롯데마트앞,202006,1964
송파구,1258. 가락미륭아파트 앞,202006,433
송파구,1259. 방이역 1번출구,202006,2407
송파구,1260. 방이동 한양3차아파트 옆,202006,1819
송파구,1262. 송파여성문화회관 앞,202006,2015
송파구,1263. 장지공영차고지,202006,338
송파구,1264. 천호역 10번 출구 앞,202006,2859
송파구,1265. 문정동 근린공원,202006,2211
송파구,1266. 문정동 글샘 공원,202006,675
송파구,1267. 올림픽공원 남2문 앞,202006,1161
송파구,1268. 몽촌토성역 1번출구 옆,202006,3908
송파구,1269. 리센츠아파트,202006,1693
송파구,1271. 송파도서관,202006,947
송파구,1274. 영파여고 앞,202006,1336
송파구,1275. 거여초등학교 옆,202006,630
송파구,1277. 오금동 송파 참병원,202006,1597
송파구,1278. 송파구청 교차로,202006,2910
송파구,1279. 마천금호어울림 1차아파트 건너편,202006,829
송파구,1280. 송파파크데일 2단지입구 앞 주차장,202006,857
송파구,1282. 송파소방서 맞은편(성내4교),202006,1984
송파구,1283. 오금공원 사거리,202006,326
송파구,1285. 위례별 유치원 뒤,202006,689
송파구,1286. 위례중앙푸르지오 1단지 앞,202006,1772
송파구,1287. 위례아이파크 101동 맞은편,202006,697
송파구,1288. 문정중교 사거리,202006,1857
송파구,1289. 풍납동 자전거보관소,202006,743
송파구,1290. 위례송파꿈에그린아파트24단지 앞 성벽 다리 밑,202006,868
송파구,1291. 서울체육고등학교 앞,202006,864
송파구,1293. 석촌호교차로 (스타벅스 앞),202006,2779
송파구,1295. 잠실역 8번출구,202006,4738
송파구,1296. 석촌호수교차로 (송파나루근린공원 앞),202006,915
송파구,1297. 석촌호수교차로(동호 팔각정 앞),202006,2074
송파구,1299. 송파소방서 (방이119안전센터),202006,851
송파구,1300. 오륜사거리,202006,819
송파구,2601. 석촌호수 서호사거리,202006,2744
송파구,2603. 송파 글마루 도서관,202006,1135
송파구,2604. 삼표레미콘 앞,202006,1403
송파구,2605. 복정역 1번 출구 앞,202006,632
송파구,2606. 위례동주민센터 맞은편 근린공원,202006,1410
송파구,2607. 복정역 2번출구 후문 (장지치안센터),202006,1115
송파구,2608. 송파구청,202006,1673
송파구,2609. 보성중고등학교 후문 앞,202006,205
송파구,2610. 여흥레이크빌 앞 (석촌호수 까페거리),202006,2152
송파구,2611. 송파지역자활센터 뒤,202006,2178
송파구,2612. 문정·가락 대여소 앞,202006,81
송파구,2613. 잠실나들목,202006,4779
송파구,2614. 가락고등학교 앞,202006,1254
송파구,2615. 테라타워2,202006,2700
송파구,2616. 거여동 사거리,202006,527
송파구,2617. 가락삼환아파트 앞,202006,1673
송파구,2618. 삼전역 1번출구,202006,1675
송파구,2619. 석촌고분역 4번출구,202006,3098
송파구,2620. 송파나루역 4번 출구옆,202006,4483
송파구,2621. 한성백제역 2번 출구,202006,5305
송파구,2622. 올림픽공원역 3번출구,202006,5673
송파구,2623.석촌동 주민센터,202006,1393
송파구,2625.가락1동 주민센터,202006,767
송파구,"2626.경찰병원역 1,2번 출구 사이",202006,271
송파구,2628.문정역 1번출구,202006,1047
송파구,2629.문정동 힐스데이트 에코 송파,202006,798
송파구,2630.서울방이동 고분군,202006,1359
송파구,2631.배명고등학교,202006,754
송파구,2632.석촌고분역 2번 출구,202006,1232
송파구,2633.송파학사 옆,202006,733
송파구,2634.위례포레샤인아파트 2318동,202006,473
송파구,2635.잠실새내역 1번출구,202006,697
송파구,2637.잠실월드 메르디앙,202006,1337
송파구,2639.석촌역 8번출구,202006,1548
송파구,2641.송파역 4번출구,202006,2203
송파구,2642.마천동 성내천 쉼터,202006,931
송파구,2643.풍납중학교 측면,202006,1829
송파구,2644.성내5교 (GS주유소),202006,820
송파구,2645.잠실나들목2(엘스아파트136동),202006,2574
송파구,2646.레이클펠리스101동앞,202006,1310
송파구,2647.잠실 자전거 수리센터 앞,202006,749
송파구,2648.헬리오시티 112동 앞,202006,1209
송파구,2649.오금공원사거리2,202006,221
송파구,2651.경찰병원역 3번출구 앞,202006,968
송파구,2652.송파 레미니스1단지 102동 앞,202006,579
송파구,2653.올림픽공원사거리(선수촌아파트),202006,1172
송파구,2654.올림픽선수촌아파트 136동 앞,202006,517
송파구,2655.송이공원,202006,984
송파구,2656.풍납동 아이파크 107동 앞,202006,3
송파구,2657.송파 파인타운 11단지,202006,8
송파구,2658.가락몰 업무동,202006,116
송파구,2659.서울친환경유통센터,202006,23
양천구,700. KB국민은행 염창역 지점 앞,202006,2791
양천구,701. 목동사거리 부근,202006,1216
양천구,702. 목4동주민센터 옆,202006,1542
양천구,703. 오목교역 7번출구 앞,202006,4617
양천구,704. 남부법원검찰청 교차로,202006,4520
양천구,706. 신정네거리역,202006,1879
양천구,707. 신정3동주민센터,202006,740
양천구,708. 서울출입국관리사무소 앞,202006,3776
양천구,709. 신정3동 현장민원실 앞,202006,1081
양천구,710. 서부화물트럭터미널 사거리,202006,22
양천구,711. 신일해피트리아파트 앞,202006,824
양천구,712. 강월초교입구 사거리,202006,1203
양천구,713. 양서중학교 옆,202006,843
양천구,714. 한국SGI 양천문화회관 앞,202006,991
양천구,716.신정6동 주민센터 인근,202006,2656
양천구,719. 홍익병원앞 교차로,202006,1783
양천구,720. 서울강월초등학교 앞,202006,579
양천구,722. LG전자베스트샵 신정점,202006,2725
양천구,723. SBS방송국,202006,3041
양천구,724. 계남공원 입구 주출입구 좌측,202006,312
양천구,725. 양강중학교앞 교차로,202006,717
양천구,726. 목동3단지 시내버스정류장,202006,2597
양천구,729. 서부식자재마트 건너편,202006,2218
양천구,731. 서울시 도로환경관리센터,202006,2252
양천구,732. 신월동 이마트,202006,1071
양천구,733. 신정이펜하우스314동,202006,770
양천구,734. 신트리공원 입구,202006,1866
양천구,735. 영도초등학교,202006,2417
양천구,736. 오솔길공원,202006,1247
양천구,737. 장수공원,202006,1129
양천구,739. 신월사거리,202006,1406
양천구,740. 으뜸공원,202006,1150
양천구,741. 화곡로 입구 교차로,202006,400
양천구,742. 등촌역 5번 출구 뒤,202006,1063
양천구,743. 현대6차아파트 101동 옆,202006,1012
양천구,744. 신목동역 2번 출구,202006,2237
양천구,745. 강서초등학교,202006,1017
양천구,746. 목동2단지 상가,202006,2739
양천구,747. 목동3단지 상가,202006,1374
양천구,748. 목동운동장,202006,391
양천구,749. 이대 목동병원 앞,202006,1791
양천구,750. 연의근린공원 건너편,202006,1004
양천구,752. 성원2차 아파트,202006,1214
양천구,754. 목동1단지아파트 118동 앞 (월촌초등학교 정류소 옆),202006,1421
양천구,755. 목동1단지아파트 상가 앞 (월촌중학교 버스정류소 옆),202006,2485
양천구,756. 목동주차장,202006,2010
양천구,757. 신정이펜하우스 1단지아파트 입구 사거리,202006,587
양천구,758. 한사랑교회 앞,202006,2246
양천구,759. 보아스아파트 앞,202006,869
양천구,760. 잣절보도육교 아래,202006,615
양천구,762. 오목로 무중력지대 앞,202006,1938
양천구,763. 목동11단지 아파트,202006,1044
양천구,764. 목동청소년수련관,202006,2568
양천구,765. 오목교역 3번출구,202006,4692
양천구,766. 신목동역 3번출구,202006,2960
양천구,767.신정숲속마을아파트,202006,93
양천구,768.목동5단지아파트 501동,202006,487
양천구,769.CBS방송국 앞,202006,715
양천구,770.목동역5번출구 교통정보센터 앞,202006,1574
양천구,771.목동아파트 703동 앞,202006,826
양천구,"773.염창역 3, 4번 출구 사이",202006,538
양천구,774.등촌역 4번 출구,202006,267
양천구,775.세종그랑시아 앞(102동),202006,337
양천구,776.목마공원,202006,177
양천구,777.신월6차보람아파트 앞,202006,413
양천구,779.양천나눔누리센터,202006,586
양천구,780.신정교 하부,202006,949
양천구,781.신정보도육교 아래,202006,767
양천구,782.서남병원 후문,202006,313
양천구,"785.양천구청, 보건소 사잇길",202006,1749
양천구,786.목동아파트 8단지 상가동 앞,202006,598
양천구,787.양천아파트 입구,202006,1769
양천구,788.양천구청역 2번출구 옆,202006,1459
양천구,790.화곡고가 사거리,202006,247
양천구,791.현대하이페리온,202006,753
양천구,792.목동트라팰리스 웨스턴에비뉴,202006,1265
양천구,793.목동5단지아파트 534동,202006,139
양천구,794.양천문화회관,202006,125
양천구,795.양천 해누리타운,202006,460
양천구,797.목동아파트 1422동 1434동 사잇길,202006,644
영등포구,200. 국회의원회관,202006,744
영등포구,201. 진미파라곤 앞,202006,2336
영등포구,202. 국민일보 앞,202006,4729
영등포구,203. 국회의사당역 3번출구 옆,202006,2316
영등포구,204. 국회의사당역 5번출구 옆,202006,1617
영등포구,205. 산업은행 앞,202006,2225
영등포구,206. KBS 앞,202006,2705
영등포구,207. 여의나루역 1번출구 앞,202006,16167
영등포구,209. 유진투자증권빌딩 앞,202006,1697
영등포구,210. IFC몰,202006,6265
영등포구,211. 여의도역 4번출구 옆,202006,3474
영등포구,212. 여의도역 1번출구 옆,202006,2298
영등포구,213. KT앞,202006,1889
영등포구,214. 금융감독원 앞,202006,1642
영등포구,215. 여의도고교 앞,202006,1739
영등포구,216. 삼부아파트1동 앞,202006,1468
영등포구,217. NH농협은행 앞,202006,1973
영등포구,218. 증권거래소 앞,202006,1146
영등포구,219. 롯데캐슬엠파이어 옆,202006,1465
영등포구,220. 미성아파트 A동 앞,202006,1600
영등포구,221. 여의도초교 앞,202006,2804
영등포구,222. 시범아파트버스정류장 옆,202006,3848
영등포구,223. 진주아파트상가 앞,202006,1682
영등포구,224. 롯데캐슬 앞,202006,2187
영등포구,225. 앙카라공원 앞,202006,1806
영등포구,226. 샛강역 1번출구 앞,202006,2205
영등포구,227. 양평2나들목 보행통로 입구,202006,3561
영등포구,228. 선유도역 3번출구 앞,202006,5203
영등포구,229. 양평1 보행육교 앞,202006,2798
영등포구,230. 영등포구청역 1번출구,202006,5114
영등포구,231. 남부고용노동지청 남측,202006,1131
영등포구,232. 양평우림 이비즈센타 앞,202006,4174
영등포구,233. YP 센터 앞,202006,588
영등포구,234. 영등포구민체육센터 앞,202006,1022
영등포구,235. 신길동 우리은행 옆,202006,1146
영등포구,236. 문래동자이아파트 앞,202006,2229
영등포구,238. 제2구민체육센타 앞,202006,1411
영등포구,239. 유스호스텔 앞,202006,1350
영등포구,240. 문래역 4번출구 앞,202006,2390
영등포구,241. 신길우성1차아파트 앞 공원,202006,1485
영등포구,242. 신길선원가와인아파트 앞,202006,1154
영등포구,243. 이앤씨드림타워 앞,202006,2295
영등포구,244. 영등포삼환아파트 앞,202006,2095
영등포구,245. 삼성생명 당산사옥 앞,202006,2932
영등포구,247. 당산역 10번출구 앞,202006,6663
영등포구,248. 초원아파트 앞,202006,3549
영등포구,249. 여의도중학교 옆,202006,3332
영등포구,250. 대림아파트 사거리,202006,1070
영등포구,251. 서울지방병무청 버스정류장,202006,1427
영등포구,252. 보라매역4번출구,202006,2045
영등포구,253. 신풍역 5번출구 인근,202006,1304
영등포구,254. 도림신협 앞,202006,1435
영등포구,255. 도림4거리,202006,1733
영등포구,256. 동아에코빌입구,202006,1425
영등포구,257. 신길삼거리(우리은행),202006,3453
영등포구,258. 신길역3번출구,202006,1511
영등포구,259. 대방역6번출구,202006,3818
영등포구,260. 여의도 마리나선착장 앞,202006,951
영등포구,262. 영문초등학교 사거리,202006,3584
영등포구,263. 근로자회관 사거리,202006,3661
영등포구,264. 교보생명보험 앞,202006,1571
영등포구,265. 영등포유통상가 사거리,202006,1557
영등포구,266. 영등포청과시장 사거리,202006,877
영등포구,267. 삼성화재 사옥 옆,202006,2067
영등포구,268. 그랜드컨벤션센터 앞,202006,2266
영등포구,270. 증권거래소후문교차로,202006,1064
영등포구,271. 샛강생태공원방문자센터 앞,202006,757
영등포구,272. 당산육갑문,202006,7958
영등포구,274. 영등포역지하쇼핑센타 5번출구,202006,4913
영등포구,275. 신동아아파트,202006,2823
영등포구,276. SK 영등포주유소,202006,2094
영등포구,277. 영등포뉴타운지하상가 2번게이트,202006,2015
영등포구,278. 쌍용플레티넘오피스텔,202006,2697
영등포구,279. 영등포 푸르지오 아파트,202006,2078
영등포구,280. 양평동6차현대아파트 앞,202006,2304
영등포구,281. 신동아아파트 앞,202006,1299
영등포구,282. 신한은행,202006,652
영등포구,283. 아크로타워 스퀘어(영등포시장),202006,3794
영등포구,284. 센트럴 푸르지오 시티 앞,202006,4391
영등포구,285. 대림3동사거리(하나은행),202006,764
영등포구,286. 우성아파트 교차로,202006,1532
영등포구,287. 영등포전화국사거리 (서강어린이공원),202006,1934
영등포구,288. 쌍용예가(구청별관),202006,1014
영등포구,289. 대림3동사거리,202006,1137
영등포구,290. 당산동 SK V1 빌딩,202006,1883
영등포구,291. 문래동 하이테크 시티,202006,2701
영등포구,292. 영일 어린이공원,202006,998
영등포구,293. 충북 미래관,202006,2978
영등포구,295.영등포공원 분수대 앞,202006,1
영등포구,296.KT플라자 영등포점,202006,855
영등포구,297.국회3문,202006,165
영등포구,298.KBS 연구동 건너편,202006,93
영등포구,299.여의도 순복음교회,202006,574
영등포구,3201.당산skv1센터,202006,547
영등포구,3202.당산롯데캐슬프레스티지,202006,1261
영등포구,3203.도림동배드민턴체육관,202006,230
영등포구,3204.도림고가도로 밑,202006,57
영등포구,3205.문래중학교,202006,1192
영등포구,3206.문래동 주민센터,202006,399
영등포구,3207.양남사거리 교통섬,202006,311
영등포구,3211.신길 래미안 프레비뉴,202006,542
영등포구,3212.신풍역 6번출구,202006,843
영등포구,3214.영등포 푸르지오,202006,819
영등포구,3215.강변삼성래미안,202006,600
영등포구,3219.영등포역 2번출구,202006,642
영등포구,3220.래미안에스티움 앞 (신풍로),202006,537
영등포구,3221.서울특별시 남부교육지원청,202006,104
용산구,800. 목월공원 앞,202006,1885
용산구,802. 한강진역 2번 출구 앞,202006,490
용산구,803. 한남초교 앞 보도육교,202006,416
용산구,805. 문배어린이공원 앞,202006,1215
용산구,806. 전자랜드 본관 앞,202006,1192
용산구,807. 서울역 12번 출구 앞,202006,966
용산구,808. 서빙고동 금호맨션 앞,202006,501
용산구,809. 한남 유수지 복개주차장,202006,1209
용산구,810. 이태원지하보도,202006,654
용산구,811. 녹사평역1번출구,202006,525
용산구,812. 용산전쟁기념관,202006,178
용산구,813. 삼각지역 3번출구,202006,1117
용산구,815. LIG강촌아파트 103동앞,202006,2150
용산구,816. 신용산역 6번출구 앞,202006,2841
용산구,817. 삼각지역 4번출구 앞,202006,635
용산구,818. 숙명여대 입구 교차로,202006,1585
용산구,819. 선린인터넷 고등학교,202006,1188
용산구,820. 청파동입구 교차로,202006,1022
용산구,822. 이촌1동 마을공원,202006,524
용산구,823. 효창동주민센터 앞,202006,327
용산구,825. 서빙고동 주민센터 앞,202006,4303
용산구,827. 국군복지단,202006,96
용산구,828. 숙대입구역 8번,202006,853
용산구,829. 베르가모앞,202006,3961
용산구,830. 청암자이아파트앞,202006,719
용산구,831. 이태원관광특구입구,202006,273
용산구,832. 이촌1동 주민센터 뒤,202006,3203
용산구,834. 효창공원앞역 3번출구 뒤,202006,2349
용산구,835. 남영역 건너편,202006,968
용산구,836. 현대자동차서비스 앞,202006,1909
용산구,837. 한남나들목 입구,202006,2954
용산구,838. 숙대입구역 4번출구,202006,1244
용산구,839. 보광동 삼성리버빌아파트 앞,202006,1403
용산구,840. 용산 파크타워 앞,202006,588
용산구,841. 신용산역 1번 출구,202006,2368
용산구,843. 녹사평역 광장,202006,773
용산구,844. 이촌2동 동원베네스트 아파트 앞,202006,1233
용산구,845. 용산 선인상가,202006,877
용산구,846. 용산중학교,202006,1106
용산구,847. 국방부민원실옆,202006,144
용산구,848. 삼각지12번 출구,202006,195
용산구,849. 삼각지 자이아파트,202006,608
용산구,850. KCC용산월츠타워,202006,430
용산구,851.효창 푸르지오 앞,202006,215
용산구,852.청암자이APT(103동),202006,250
용산구,853.용산역 맞은편,202006,1063
용산구,854.HID 유족동지회 앞,202006,144
용산구,855.이촌역5번출구 앞,202006,39
용산구,857. 현대 안성타워,202006,156
용산구,858.녹사평역3번 출구,202006,63
용산구,860.LG한강 자이아파트 앞,202006,543
용산구,863.이촌역2번 출구,202006,116
용산구,864.순천향대학병원(한남오거리),202006,794
용산구,865.하얏트호텔 앞,202006,26
용산구,866.브라운스톤 남산아파트,202006,169
용산구,867.서빙고역 광장(1번출구),202006,93
용산구,868.롯데하이마트 용산점 앞,202006,299
용산구,869.노들섬 동측 앞,202006,441
용산구,870.노들섬 서측 앞,202006,1615
은평구,900. 은평예술회관,202006,1011
은평구,901. 응암1동사무소,202006,1446
은평구,902. 진관동 은빛초등학교,202006,336
은평구,903. 은평뉴타운 아이파크,202006,1143
은평구,904. 은평뉴타운 푸르지오,202006,1030
은평구,905. 구파발역 2번출구,202006,2486
은평구,906. 연신내역 5번출구150M 아래,202006,3938
은평구,907. CJ 드림시티,202006,6726
은평구,908. 구산역 4번출구,202006,1295
은평구,909. 백련산 힐스테이트 3차,202006,454
은평구,911. 은평평화공원(역촌역4번출구),202006,2514
은평구,912. 응암오거리,202006,2794
은평구,913. 이마트 은평점,202006,3608
은평구,914. 새절역 2번출구,202006,4791
은평구,915. 증산역 4번출구,202006,2028
은평구,916. 평생학습관 앞,202006,1373
은평구,917. 녹번역 4번출구,202006,1544
은평구,919. 서울혁신파크,202006,900
은평구,921. 신도고등학교,202006,615
은평구,922. 연신내역 4번출구,202006,655
은평구,923. 국민은행 연서지점,202006,814
은평구,924. 메뚜기다리,202006,318
은평구,925. 불광역 2번출구,202006,623
은평구,926. 불광역 8번출구,202006,1880
은평구,927. 연신내역 3번출구 인근,202006,639
은평구,928. 은평역사한옥박물관,202006,345
은평구,930. 구 서부경찰서 건너편,202006,1114
은평구,931. 역촌파출소,202006,3291
은평구,932. 예일여중,202006,1340
은평구,933. LG서비스 역촌점,202006,2073
은평구,934. 신사동 성당,202006,1277
은평구,937. 상림마을 롯데캐슬2단지 옆,202006,199
은평구,938. 금암 문화공원,202006,294
은평구,939. 은평구청 교차로,202006,812
은평구,941. 은평뉴타운 도서관,202006,568
은평구,942. 상림마을 생태공원,202006,511
은평구,943. 은평구청 보건소,202006,1775
은평구,945. 기자촌 사거리,202006,619
은평구,946. 독바위역,202006,731
은평구,947. 연신내 선일하이츠빌 정류소,202006,1146
은평구,948. 디지털미디어 시티역 4번출구,202006,748
은평구,949. 연신내역 1번 출구,202006,1069
은평구,950. 구산역 2번 출구,202006,1953
은평구,951. 연신내역 6번출구옆,202006,1584
은평구,952. 서울연신중학교,202006,515
은평구,953. 서울연신초등학교,202006,701
은평구,954. 은평뉴타운구파발9단지,202006,841
은평구,956. 응암시장교차로,202006,3167
은평구,958. 신한은행 응암동 지점 앞,202006,1711
은평구,959. 구파발10단지 인근,202006,507
은평구,960. 구파발역 환승센터,202006,785
은평구,961. 불광역 9번 출구,202006,1119
은평구,962. 은평뉴타운 힐데스하임,202006,1297
은평구,963. 대호프라자아파트,202006,1049
은평구,964. 북한산힐스테이트 7차아파트,202006,461
은평구,965. 서울특별시 은평병원,202006,553
은평구,966. 서울혁신파크1,202006,458
은평구,967. 서울혁신파크2,202006,538
은평구,968. 은평뉴타운 상림마을 13단지,202006,222
은평구,969. 은평 지웰테라스,202006,344
은평구,971. 역촌 센트레빌 아파트,202006,445
은평구,972. 수색역,202006,845
은평구,973.제각말푸르지오 5-1단지 아파트,202006,29
은평구,974.연신초등학교옆 마을마당,202006,19
은평구,975.백련산 힐스테이트상가앞,202006,48
은평구,976.진관고등학교앞,202006,74
은평구,977.신도중학교앞,202006,23
은평구,978.녹번 힐스테이트상가앞,202006,80
은평구,979.원풍빌라앞,202006,159
은평구,982.유니클로 은평점앞,202006,145
은평구,984.상신초등학교앞 버스정류장,202006,228
은평구,985.은평온누리약국앞,202006,138
은평구,989.응암 꼬꼬닭치킨호프 앞,202006,215
은평구,991.흥국사 정류장,202006,34
은평구,992.북한산입구 정류장,202006,41
은평구,993.은평뉴타운 온뜨락아파트앞,202006,75
은평구,994.북한산생태공원입구(교통섬),202006,68
은평구,995.은평다목적체육관,202006,48
은평구,996.응암역 1번출구,202006,680
정비센터,9993. 개화정비,202006,1
정비센터,9997.강남센터,202006,33
정비센터,9998. 영남주차장 정비센터,202006,1
정비센터,99998. 상암단말정비,202006,1
정비센터,99999. 영남단말기정비,202006,6
정비센터,도봉센터,202006,2
정비센터,상담센터,202006,16
정비센터,상암센터 정비실,202006,29
정비센터,위트콤,202006,180
정비센터,천왕센터,202006,1
정비센터,천호센터,202006,1
종로구,301. 경복궁역 7번출구 앞,202006,1612
종로구,302. 경복궁역 4번출구 뒤,202006,2499
종로구,303. 광화문역 1번출구 앞,202006,1876
종로구,304. 광화문역 2번출구 앞,202006,1179
종로구,305. 종로구청 옆,202006,1762
종로구,306. 광화문역 7번출구 앞,202006,1898
종로구,307. 서울역사박물관 앞,202006,1195
종로구,308. 광화문 S타워 앞,202006,2234
종로구,309. 광화문역 6번출구 옆,202006,1075
종로구,314. 국립현대미술관,202006,919
종로구,316. 종각역 1번출구 앞,202006,2401
종로구,326. 안국역 5번출구 앞,202006,1907
종로구,327. 낙원상가 옆,202006,1371
종로구,328. 탑골공원 앞,202006,1141
종로구,329. 청계2가 사거리 옆,202006,1568
종로구,334. 종로3가역 2번출구 뒤,202006,1938
종로구,335. 종로3가역 15번출구 앞,202006,1268
종로구,337. 창경궁 입구,202006,436
종로구,338. 세운스퀘어 앞,202006,1406
종로구,339. 종로4가 사거리,202006,1141
종로구,340. 혜화동 로터리,202006,2031
종로구,3402.이화공영주차장,202006,421
종로구,3403.서울특별시 교육청,202006,142
종로구,3404.서울특별시 중부교육지원청,202006,74
종로구,3405.파크팰리스,202006,757
종로구,3406.세종로공원,202006,148
종로구,3407.안국동사거리(신),202006,827
종로구,3408.종로타워빌딩,202006,1024
종로구,341. 혜화역 3번출구 뒤,202006,1229
종로구,3411.종묘,202006,623
종로구,3412.세운상가,202006,457
종로구,3413.종로플레이스,202006,1013
종로구,3414.종로5가역 4번출구,202006,41
종로구,3415.동대문역6번출구,202006,167
종로구,3416.동묘앞역 6번출구,202006,60
종로구,3417.창신3동주민센터,202006,270
종로구,3418.창신역2번 출구,202006,37
종로구,3419.국립어린이과학관,202006,145
종로구,342. 대학로 마로니에공원,202006,2557
종로구,3420.성균관대입구사거리(맥도날드),202006,268
종로구,3421.혜화역 1번출구,202006,23
종로구,3422.성균관대 정문,202006,462
종로구,3423.현대그룹(본사),202006,308
종로구,3426.독립문역 2번출구 뒤,202006,94
종로구,3427.인왕산 아이파크 정문,202006,88
종로구,3428.서울미술관,202006,118
종로구,3429.AW컨벤션앞,202006,74
종로구,343. 예일빌딩(율곡로) 앞,202006,404
종로구,3430.구기치안센터 앞,202006,77
종로구,3431.로제우스 레포츠센터,202006,79
종로구,3432.종로2가 사거리,202006,901
종로구,344. 성균관대 E하우스 앞,202006,590
종로구,345. 서울보증보험본사 앞,202006,1165
종로구,348. 독립문역 사거리,202006,1281
종로구,349. 사직동주민센터,202006,786
종로구,351. 청운초교 앞 삼거리,202006,1004
종로구,352. 중앙고입구 삼거리,202006,291
종로구,353. 재동초교 앞 삼거리,202006,787
종로구,354. 포르투갈 대사관 앞,202006,936
종로구,355. 서울사대부속초교 앞,202006,1180
종로구,356. KT혜화지사 앞,202006,1233
종로구,358. 성대입구 사거리,202006,2230
종로구,359. 원남동사거리,202006,1151
종로구,361. 동묘앞역 1번출구 뒤,202006,3151
종로구,362. 청계8가 사거리,202006,1788
종로구,363. 신설동역 11번출구 뒤,202006,1799
종로구,364. 창신역 1번출구 앞,202006,742
종로구,367. 독립문역 3-1번출구,202006,1598
종로구,368. SK 서린빌딩 앞,202006,1146
종로구,369. 광화문 시민열린마당,202006,1757
종로구,385. 종각역 5번출구,202006,1700
종로구,386. 올림픽기념 국민생활관 앞,202006,714
종로구,388. 동성중학교 앞,202006,1015
종로구,393. 동대문역 8번 출구,202006,2475
종로구,394. 경희궁 자이 3단지,202006,90
종로구,395. 경희궁 자이 2단지,202006,1413
종로구,397. 종묘공영주차장 건너편,202006,588
종로구,446. 상명대입구,202006,796
종로구,449. 일성아파트,202006,259
종로구,450. 효자동 삼거리,202006,566
종로구,451. 청와대앞길,202006,250
종로구,452. 동대문 종합시장 버스정류장,202006,765
종로구,453. 종로오가 지하쇼핑센터 14번출구,202006,1229
종로구,454. 종로2가 버스정류장 (종각방향),202006,1286
종로구,455. 삼익한의원,202006,755
종로구,456. 숭인2동 주민센터 입구 (이강3대냉면),202006,981
종로구,457. 종로꽃시장 입구 옆,202006,848
종로구,458. 광화문역 5번출구,202006,2296
종로구,461. 서울지방경찰청,202006,1244
종로구,462. 신영동삼거리(북악터널방향),202006,43
종로구,464. 삼청동 골목,202006,815
종로구,465. 삼청공원 앞,202006,132
종로구,486. 평창동주민센터 앞,202006,310
중구,300. 정동사거리,202006,1273
중구,310. 청계광장 옆,202006,1126
중구,311. 서울광장 옆,202006,2905
중구,312. 시청역 1번출구 뒤,202006,2497
중구,318. 광교사거리 남측,202006,806
중구,320. 을지로입구역 4번출구 앞,202006,1485
중구,321. KEB 하나금융그룹 명동사옥 옆,202006,1194
중구,322. 명동성당 앞,202006,567
중구,324. 신세계백화점 본점 앞,202006,1060
중구,331. 을지로2가 사거리 북측,202006,1484
중구,332. 을지로2가 사거리 남측,202006,903
중구,336. 티마크 호텔 앞,202006,780
중구,346. 맥스타일 앞,202006,1987
중구,347. 동대문역사문화공원역 9번출구 앞,202006,1484
중구,370. 시청역(2호선) 9번출구 뒤,202006,1669
중구,371. 동대입구역 6번출구 뒤,202006,750
중구,372. 약수역 3번출구 뒤,202006,1192
중구,373. 청구 어린이공원,202006,177
중구,374. 청구역 2번출구 앞,202006,1291
중구,375. 다산 어린이공원,202006,1513
중구,378. 청계7가 사거리,202006,1600
중구,379. 서울역9번출구,202006,1212
중구,380. CJ제일제당 앞,202006,1208
중구,381. 장충체육관,202006,150
중구,382. 약수역 10번출구 앞,202006,728
중구,383. 신당역 12번 출구 뒤,202006,2518
중구,384. 종로학원본원,202006,758
중구,387. 훈련원공원주차장 앞,202006,1220
중구,389. 을지로4가역 1번출구,202006,981
중구,390. 충무로역 1번출구,202006,1641
중구,391. 정동길입구,202006,501
중구,398. 을지로3가역 3번출구,202006,1387
중구,399. 서울역 센트럴 자이아파트,202006,916
중구,428. 명보사거리,202006,812
중구,429. 송도병원,202006,156
중구,430. KEB하나은행 장충동지점,202006,829
중구,431. 청계천 영도교,202006,2511
중구,433. 을지로입구역 2번출구,202006,1485
중구,434. 신당 래미안 버스정류장,202006,79
중구,435. SK 남산빌딩,202006,447
중구,441.염천교사거리,202006,227
중구,442.서울역 서부,202006,171
중구,443.호암아트홀,202006,389
중구,444.서울역3번 출구,202006,46
중구,445.대한상공회의소,202006,651
중구,466.롯데호텔,202006,482
중구,467.한국은행,202006,132
중구,468.웨스틴 조선호텔,202006,169
중구,469.회현역 1번출구,202006,87
중구,470.회현역 7번출구,202006,328
중구,471.회현사거리 남측,202006,519
중구,472.삼일교(시그니쳐 타워),202006,720
중구,473.을지로4가역 9번출구,202006,831
중구,474.동대문역사문화공원역 1번출구 뒤편,202006,590
중구,475.DDP 패션몰,202006,44
중구,476.광희문,202006,142
중구,477.앰배서더 호텔 주변,202006,69
중구,479.동대입구역 3번 출구,202006,104
중구,480.약수역 6번 출구,202006,7
중구,481.신당역 10번 출구,202006,114
중구,482.예수소망교회,202006,60
중구,483.남산타운아파트 버스정류장,202006,71
중구,484.도동삼거리,202006,46
중구,485.서울역4번출구,202006,409
중구,826. 서울역 서부교차로2,202006,1469
중랑구,1401. 극동늘푸른아파트,202006,2784
중랑구,1402. 금란주차장 앞,202006,1622
중랑구,1403. 중화빌딩 앞 (동부시장),202006,3904
중랑구,1404. 동일로 지하차도,202006,1942
중랑구,1405. 망우역 1번출구,202006,1935
중랑구,1406. 망우청소년수련관,202006,165
중랑구,1407. 먹골역 1번출구 뒤,202006,1814
중랑구,1408. 먹골역 6번출구 앞,202006,1791
중랑구,1410. 면목 대원칸타빌아파트,202006,430
중랑구,1411. 상봉시장앞 교차로 한성빌딩 앞,202006,1139
중랑구,1412. 면목초등학교,202006,793
중랑구,1413. 봉화산역 5번출구 뒤,202006,1359
중랑구,1414. 사가정역 1번출구,202006,3181
중랑구,1416. 상봉역 3번출구,202006,1395
중랑구,1418. 새솔초등학교,202006,620
중랑구,1420. 신내어울공원 앞,202006,929
중랑구,1421. 신내역 4번출구,202006,317
중랑구,1422. 신내우디안아파트 1단지,202006,240
중랑구,1424. 양원역 2번출구,202006,181
중랑구,1425. 용마문화복지센터,202006,833
중랑구,1426. 면목도시개발아파트 1동 앞,202006,481
중랑구,1427. 용마산역 1번출구,202006,372
중랑구,1428. 원묵고등학교,202006,740
중랑구,1429. 장안중학교,202006,446
중랑구,1430. 중랑구청,202006,1399
중랑구,1431. 중랑구청 사거리,202006,2393
중랑구,1433. 중화역 2번출구,202006,2898
중랑구,1434. 홈플러스 면목동점,202006,1311
중랑구,1435. 능산삼거리,202006,392
중랑구,1436. 영풍마드레빌,202006,928
중랑구,1437. 늘푸른공원 앞,202006,95
중랑구,1438. 홈플러스 신내점 앞,202006,2213
중랑구,1440. 하나은행 면목지점,202006,1706
중랑구,1441. 신내능말공원,202006,698
중랑구,1442. (구)신한은행 중랑교지점,202006,2110
중랑구,1443. 구립망우청소년독서실,202006,559
중랑구,1444. 면목4치안센터,202006,1347
중랑구,1445. 용마지구대,202006,328
중랑구,1446. 중랑전화국 교차로,202006,1783
중랑구,1447. 면목역 3번출구,202006,2529
중랑구,1448. 코스트코 상봉점,202006,2576
중랑구,1449. 상봉역 1번출구,202006,2925
중랑구,1450. 화랑대역 7번출구,202006,1871
중랑구,1451. 중랑세무서,202006,3582
중랑구,1452. 겸재교 진입부,202006,2907
중랑구,1453. 중랑캠핑숲,202006,342
중랑구,1454. 한국전력공사(동대문 중랑지사),202006,1617
중랑구,1455. 상봉역 2번 출구,202006,2040
중랑구,1456. 상아빌딩(우림시장 교차로),202006,1269
중랑구,1457. 동원사거리,202006,1083
중랑구,1458. 상봉터미널2,202006,2481
중랑구,1459. 용마한신아파트사거리,202006,547
중랑구,1461.동양엔파트 앞,202006,360
중랑구,1462.동부시장 북문 앞,202006,178
중랑구,1463.중랑구민회관,202006,12
중랑구,1464.중화역 4번출구,202006,91
중랑구,1465.중랑공영차고지 옆,202006,195
중랑구,1466.두산대림아파트 삼거리,202006,103
중랑구,1467.sk신내 주유소앞(용마산로),202006,19
중랑구,1468.먹골역 7번 출구,202006,452
중랑구,1469.먹골역 4번출구,202006,9
중랑구,1470.중화동 우리은행 앞,202006,154
중랑구,1472.영성빌딩(PAT),202006,221
중랑구,1473.중랑역 1번 출구(중화문화복지센터),202006,85
중랑구,1477.면목삼익아파트 앞,202006,85
중랑구,1478.홈플러스 상봉점 앞,202006,322
중랑구,1479.면목 홈플러스 2,202006,150
중랑구,1480. 용마지구대 옆,202006,235
